productId,name,cleanName,imageUrl,categoryId,groupId,url,modifiedOn,imageCount,extCardText,extUPC,lowPrice,midPrice,highPrice,marketPrice,directLowPrice,subTypeName,extNumber,extRarity,extCardType,extHP,extStage,extAttack1,extAttack2,extWeakness,extRetreatCost,extResistance
692938,Pitch Black 3-Pack Blister [Binacle],Pitch Black 3 Pack Blister Binacle,https://tcgplayer-cdn.tcgplayer.com/product/692938_200w.jpg,3,24688,https://cpt.tcgcsv.com/Nbz7,2026-07-17T04:10:35.46,1,"Delve into Darkness Beyond Limits!<br>
Twinkling city lights and a starry sky become obscured in darkness as Mega Darkrai ex arrives with mystery and malice! But Mega Zeraora ex fights back with thunderous strikes of lightning, leading the way for Mega Chandelure ex, Mega Excadrill ex, and more to join the fray. Shadows deepen and nightmares become reality in the Pokémon TCG: Mega Evolution—Pitch Black expansion! Each blister comes with 3 booster packs and a promotional card.",196214157477.0,19.0,25.0,59.99,22.15,,Normal,,,,,,,,,,
692939,Pitch Black Booster Box,Pitch Black Booster Box,https://tcgplayer-cdn.tcgplayer.com/product/692939_200w.jpg,3,24688,https://cpt.tcgcsv.com/Pbz7,2026-07-17T04:10:35.46,1,"Delve into Darkness Beyond Limits!<br>
Twinkling city lights and a starry sky become obscured in darkness as Mega Darkrai ex arrives with mystery and malice! But Mega Zeraora ex fights back with thunderous strikes of lightning, leading the way for Mega Chandelure ex, Mega Excadrill ex, and more to join the fray. Shadows deepen and nightmares become reality in the Pokémon TCG: Mega Evolution—Pitch Black expansion! Each booster box contains 36 booster packs. <em>(Each pack contains 10 random cards)</em>",196214157514.0,188.06,225.0,999.0,204.23,,Normal,,,,,,,,,,
692940,Pitch Black Half Booster Boxes,Pitch Black Half Booster Boxes,https://tcgplayer-cdn.tcgplayer.com/product/692940_200w.jpg,3,24688,https://cpt.tcgcsv.com/Qbz7,2026-07-17T04:10:35.46,1,"Delve into Darkness Beyond Limits!<br>
Twinkling city lights and a starry sky become obscured in darkness as Mega Darkrai ex arrives with mystery and malice! But Mega Zeraora ex fights back with thunderous strikes of lightning, leading the way for Mega Chandelure ex, Mega Excadrill ex, and more to join the fray. Shadows deepen and nightmares become reality in the Pokémon TCG: Mega Evolution—Pitch Black expansion! Each half booster box contains 18 booster packs. <em>(Each pack contains 10 random cards)</em>",196214157507.0,,,,,,,,,,,,,,,,
692941,Pitch Black Booster Box Case,Pitch Black Booster Box Case,https://tcgplayer-cdn.tcgplayer.com/product/692941_200w.jpg,3,24688,https://cpt.tcgcsv.com/Rbz7,2026-07-17T04:10:35.46,1,"Delve into Darkness Beyond Limits!<br>
Twinkling city lights and a starry sky become obscured in darkness as Mega Darkrai ex arrives with mystery and malice! But Mega Zeraora ex fights back with thunderous strikes of lightning, leading the way for Mega Chandelure ex, Mega Excadrill ex, and more to join the fray. Shadows deepen and nightmares become reality in the Pokémon TCG: Mega Evolution—Pitch Black expansion! Each booster box case contains 6 boxes of 36 packs each.<br>
Each Booster Pack contains 10 random cards.",10196214157504.0,1173.96,1411.68,1975.0,1174.98,,Normal,,,,,,,,,,
692942,Pitch Black Booster Bundle,Pitch Black Booster Bundle,https://tcgplayer-cdn.tcgplayer.com/product/692942_200w.jpg,3,24688,https://cpt.tcgcsv.com/Sbz7,2026-07-17T04:10:35.46,1,"Delve into Darkness Beyond Limits!<br>
Twinkling city lights and a starry sky become obscured in darkness as Mega Darkrai ex arrives with mystery and malice! But Mega Zeraora ex fights back with thunderous strikes of lightning, leading the way for Mega Chandelure ex, Mega Excadrill ex, and more to join the fray. Shadows deepen and nightmares become reality in the Pokémon TCG: Mega Evolution—Pitch Black expansion! Expand your collection with this Booster Bundle containing <strong>six booster packs!</strong>",196214157484.0,32.99,44.0,111.0,41.17,,Normal,,,,,,,,,,
692943,Pitch Black Booster Bundle Case,Pitch Black Booster Bundle Case,https://tcgplayer-cdn.tcgplayer.com/product/692943_200w.jpg,3,24688,https://cpt.tcgcsv.com/Tbz7,2026-07-17T04:10:35.46,1,"Delve into Darkness Beyond Limits!<br>
Twinkling city lights and a starry sky become obscured in darkness as Mega Darkrai ex arrives with mystery and malice! But Mega Zeraora ex fights back with thunderous strikes of lightning, leading the way for Mega Chandelure ex, Mega Excadrill ex, and more to join the fray. Shadows deepen and nightmares become reality in the Pokémon TCG: Mega Evolution—Pitch Black expansion! Each sealed Booster Bundle Case contains 25 bundle boxes.<br>
Expand your collection with this Booster Bundle containing <strong>six booster packs</strong>",10196214157481.0,850.0,974.5,2995.0,933.62,,Normal,,,,,,,,,,
692944,Pitch Black Booster Pack,Pitch Black Booster Pack,https://tcgplayer-cdn.tcgplayer.com/product/692944_200w.jpg,3,24688,https://cpt.tcgcsv.com/Vbz7,2026-07-17T04:10:35.46,1,"Delve into Darkness Beyond Limits!<br>
Twinkling city lights and a starry sky become obscured in darkness as Mega Darkrai ex arrives with mystery and malice! But Mega Zeraora ex fights back with thunderous strikes of lightning, leading the way for Mega Chandelure ex, Mega Excadrill ex, and more to join the fray. Shadows deepen and nightmares become reality in the Pokémon TCG: Mega Evolution—Pitch Black expansion! Packs contain 10 random cards.",,5.81,7.93,15.0,5.83,,Normal,,,,,,,,,,
692945,Pitch Black Booster Pack Art Bundle [Set of 4],Pitch Black Booster Pack Art Bundle Set of 4,https://tcgplayer-cdn.tcgplayer.com/product/692945_200w.jpg,3,24688,https://cpt.tcgcsv.com/Wbz7,2026-07-17T04:10:35.46,1,"Delve into Darkness Beyond Limits!<br>
Twinkling city lights and a starry sky become obscured in darkness as Mega Darkrai ex arrives with mystery and malice! But Mega Zeraora ex fights back with thunderous strikes of lightning, leading the way for Mega Chandelure ex, Mega Excadrill ex, and more to join the fray. Shadows deepen and nightmares become reality in the Pokémon TCG: Mega Evolution—Pitch Black expansion! Collect 4 bundled packs.<br>
Each Booster Pack contains 10 random cards.",,26.5,39.95,52.0,42.8,,Normal,,,,,,,,,,
692946,Pitch Black Build & Battle Box,Pitch Black Build and Battle Box,https://tcgplayer-cdn.tcgplayer.com/product/692946_200w.jpg,3,24688,https://cpt.tcgcsv.com/Xbz7,2026-05-11T18:08:15.417,1,"Delve into Darkness Beyond Limits!<br>
Twinkling city lights and a starry sky become obscured in darkness as Mega Darkrai ex arrives with mystery and malice! But Mega Zeraora ex fights back with thunderous strikes of lightning, leading the way for Mega Chandelure ex, Mega Excadrill ex, and more to join the fray. Shadows deepen and nightmares become reality in the Pokémon TCG: Mega Evolution—Pitch Black expansion! 
<br>Contents:<br>
• A 40-card ready-to-play deck, including 1 of 4 unique foil promo cards<br>
• 4 Pokémon booster packs<br>
• A code card for Pokémon TCG Live",196214157446.0,40.39,48.21,49.99,46.15,,Normal,,,,,,,,,,
692947,Pitch Black Elite Trainer Box,Pitch Black Elite Trainer Box,https://tcgplayer-cdn.tcgplayer.com/product/692947_200w.jpg,3,24688,https://cpt.tcgcsv.com/Zbz7,2026-07-17T04:10:35.46,1,"Delve into Darkness Beyond Limits!<br>
Twinkling city lights and a starry sky become obscured in darkness as Mega Darkrai ex arrives with mystery and malice! But Mega Zeraora ex fights back with thunderous strikes of lightning, leading the way for Mega Chandelure ex, Mega Excadrill ex, and more to join the fray. Shadows deepen and nightmares become reality in the Pokémon TCG: Mega Evolution—Pitch Black expansion! The Pokémon Elite Trainer Box includes:<br>
• 9 Pokémon booster packs<br>
• 65 card sleeves<br>
• 45 Pokémon TCG Energy cards<br>
• A player's guide to the expansion<br>
• 6 damage-counter dice<br>
• 1 competition-legal coin-flip die<br>
• 2 plastic condition markers<br>
• A collector's box to hold everything, with 4 dividers to keep it organized<br>
• A code card for Pokémon Trading Card Game Live",196214157422.0,69.99,85.0,222.0,78.8,,Normal,,,,,,,,,,
692948,Pitch Black Elite Trainer Box Case,Pitch Black Elite Trainer Box Case,https://tcgplayer-cdn.tcgplayer.com/product/692948_200w.jpg,3,24688,https://cpt.tcgcsv.com/-bz7,2026-07-17T04:10:35.46,1,"Delve into Darkness Beyond Limits!<br>
Twinkling city lights and a starry sky become obscured in darkness as Mega Darkrai ex arrives with mystery and malice! But Mega Zeraora ex fights back with thunderous strikes of lightning, leading the way for Mega Chandelure ex, Mega Excadrill ex, and more to join the fray. Shadows deepen and nightmares become reality in the Pokémon TCG: Mega Evolution—Pitch Black expansion! <br>Each sealed Elite Trainer Box includes 10 elite trainer boxes. <br>
<br>
Individual Pokémon Elite Trainer Boxes include:<br>
• 9 Pokémon booster packs<br>
• 65 card sleeves<br>
• 45 Pokémon TCG Energy cards<br>
• A player's guide to the expansion<br>
• 6 damage-counter dice<br>
• 1 competition-legal coin-flip die<br>
• 2 plastic condition markers<br>
• A collector's box to hold everything, with 4 dividers to keep it organized<br>
• A code card for Pokémon Trading Card Game Live",10196214157429.0,727.99,842.4,1675.0,797.82,,Normal,,,,,,,,,,
692949,Pitch Black Pokemon Center Elite Trainer Box (Exclusive),Pitch Black Pokemon Center Elite Trainer Box Exclusive,https://tcgplayer-cdn.tcgplayer.com/product/692949_200w.jpg,3,24688,https://cpt.tcgcsv.com/_bz7,2026-07-17T04:10:35.46,1,"Delve into Darkness Beyond Limits!<br>
Twinkling city lights and a starry sky become obscured in darkness as Mega Darkrai ex arrives with mystery and malice! But Mega Zeraora ex fights back with thunderous strikes of lightning, leading the way for Mega Chandelure ex, Mega Excadrill ex, and more to join the fray. Shadows deepen and nightmares become reality in the Pokémon TCG: Mega Evolution—Pitch Black expansion! The Pokémon Center Elite Trainer Box includes:<br>
•11 Pokémon booster packs<br>
•Each booster pack contains 10 cards and 1 Basic Energy. Cards vary by pack.<br>
• 65 card sleeves<br>
• 45 Pokémon TCG Energy cards<br>
• A player's guide to the expansion<br>
• 6 damage-counter dice<br>
• 1 competition-legal coin-flip die<br>
• 2 plastic condition markers<br>
• A box to hold everything, with 4 dividers to keep it organized<br>
• A code card for Pokémon Trading Card Game Live",,117.7,160.0,999.99,129.27,,Normal,,,,,,,,,,
692950,Pitch Black Pokemon Center Elite Trainer Box Case (Exclusive),Pitch Black Pokemon Center Elite Trainer Box Case Exclusive,https://tcgplayer-cdn.tcgplayer.com/product/692950_200w.jpg,3,24688,https://cpt.tcgcsv.com/0cz7,2026-07-17T04:10:35.46,1,"Delve into Darkness Beyond Limits!<br>
Twinkling city lights and a starry sky become obscured in darkness as Mega Darkrai ex arrives with mystery and malice! But Mega Zeraora ex fights back with thunderous strikes of lightning, leading the way for Mega Chandelure ex, Mega Excadrill ex, and more to join the fray. Shadows deepen and nightmares become reality in the Pokémon TCG: Mega Evolution—Pitch Black expansion! Each sealed Pokemon Elite Trainer Box includes 4 elite trainer boxes. <br>
Individual Pokémon Elite Trainer Boxes include:<br>
• 11 Pokémon booster packs<br>
• 65 card sleeves<br>
• 45 Pokémon TCG Energy cards<br>
• A player's guide to the expansion<br>
• 6 damage-counter dice<br>
• 1 competition-legal coin-flip die<br>
• 2 plastic condition markers<br>
• A collector's box to hold everything, with 4 dividers to keep it organized<br>
• A code card for Pokémon Trading Card Game Live",,,,,,,,,,,,,,,,,
692951,Pitch Black Premium Checklane Blister [Gengar Line],Pitch Black Premium Checklane Blister Gengar Line,https://tcgplayer-cdn.tcgplayer.com/product/692951_200w.jpg,3,24688,https://cpt.tcgcsv.com/2cz7,2026-07-17T04:10:35.46,1,"Delve into Darkness Beyond Limits!<br>
Twinkling city lights and a starry sky become obscured in darkness as Mega Darkrai ex arrives with mystery and malice! But Mega Zeraora ex fights back with thunderous strikes of lightning, leading the way for Mega Chandelure ex, Mega Excadrill ex, and more to join the fray. Shadows deepen and nightmares become reality in the Pokémon TCG: Mega Evolution—Pitch Black expansion! Product details: <br>
• 1 booster pack<br>
• A code card for Pokémon Trading Card Game Live<br>
• Coin<br>
• 2 cards featuring an evolution line!",820650853319.0,20.0,25.75,60.0,26.07,,Normal,,,,,,,,,,
692952,Pitch Black Premium Checklane Blister [Luxray Line],Pitch Black Premium Checklane Blister Luxray Line,https://tcgplayer-cdn.tcgplayer.com/product/692952_200w.jpg,3,24688,https://cpt.tcgcsv.com/3cz7,2026-07-17T04:10:35.46,1,"Delve into Darkness Beyond Limits!<br>
Twinkling city lights and a starry sky become obscured in darkness as Mega Darkrai ex arrives with mystery and malice! But Mega Zeraora ex fights back with thunderous strikes of lightning, leading the way for Mega Chandelure ex, Mega Excadrill ex, and more to join the fray. Shadows deepen and nightmares become reality in the Pokémon TCG: Mega Evolution—Pitch Black expansion! Product details: <br>
• 1 booster pack<br>
• A code card for Pokémon Trading Card Game Live<br>
• Coin<br>
• 2 cards featuring an evolution line!",820650853319.0,18.99,21.57,30.99,23.11,,Normal,,,,,,,,,,
692953,"Pitch Black Premium Checklane Blister [Tyrunt, Tyrantrum] (Target Exclusive)",Pitch Black Premium Checklane Blister Tyrunt Tyrantrum Target Exclusive,https://tcgplayer-cdn.tcgplayer.com/product/692953_200w.jpg,3,24688,https://cpt.tcgcsv.com/5cz7,2026-07-17T04:10:35.46,1,"Delve into Darkness Beyond Limits!<br>
Twinkling city lights and a starry sky become obscured in darkness as Mega Darkrai ex arrives with mystery and malice! But Mega Zeraora ex fights back with thunderous strikes of lightning, leading the way for Mega Chandelure ex, Mega Excadrill ex, and more to join the fray. Shadows deepen and nightmares become reality in the Pokémon TCG: Mega Evolution—Pitch Black expansion! Product details: <br>
• 1 booster pack<br>
• A code card for Pokémon Trading Card Game Live<br>
• Coin<br>
• 2 cards featuring an evolution line!",,19.0,19.72,22.99,20.65,,Normal,,,,,,,,,,
692954,"Pitch Black Premium Checklane Blister [Amaura, Aurorus] (Target Exclusive)",Pitch Black Premium Checklane Blister Amaura Aurorus Target Exclusive,https://tcgplayer-cdn.tcgplayer.com/product/692954_200w.jpg,3,24688,https://cpt.tcgcsv.com/6cz7,2026-07-17T04:10:35.46,1,"Delve into Darkness Beyond Limits!<br>
Twinkling city lights and a starry sky become obscured in darkness as Mega Darkrai ex arrives with mystery and malice! But Mega Zeraora ex fights back with thunderous strikes of lightning, leading the way for Mega Chandelure ex, Mega Excadrill ex, and more to join the fray. Shadows deepen and nightmares become reality in the Pokémon TCG: Mega Evolution—Pitch Black expansion! Product details: <br>
• 1 booster pack<br>
• A code card for Pokémon Trading Card Game Live<br>
• Coin<br>
• 2 cards featuring an evolution line!",,9.95,19.78,23.49,19.11,,Normal,,,,,,,,,,
692955,Pitch Black Single Pack Blister [Slowpoke],Pitch Black Single Pack Blister Slowpoke,https://tcgplayer-cdn.tcgplayer.com/product/692955_200w.jpg,3,24688,https://cpt.tcgcsv.com/7cz7,2026-07-17T04:10:35.46,1,"Delve into Darkness Beyond Limits!<br>
Twinkling city lights and a starry sky become obscured in darkness as Mega Darkrai ex arrives with mystery and malice! But Mega Zeraora ex fights back with thunderous strikes of lightning, leading the way for Mega Chandelure ex, Mega Excadrill ex, and more to join the fray. Shadows deepen and nightmares become reality in the Pokémon TCG: Mega Evolution—Pitch Black expansion! Each blister comes with 1 booster pack, 1 coin, and a promotional cards.",,7.5,11.07,18.99,10.37,,Normal,,,,,,,,,,
692956,Pitch Black Sleeved Booster Case,Pitch Black Sleeved Booster Case,https://tcgplayer-cdn.tcgplayer.com/product/692956_200w.jpg,3,24688,https://cpt.tcgcsv.com/8cz7,2026-07-17T04:10:35.46,1,"Delve into Darkness Beyond Limits!<br>
Twinkling city lights and a starry sky become obscured in darkness as Mega Darkrai ex arrives with mystery and malice! But Mega Zeraora ex fights back with thunderous strikes of lightning, leading the way for Mega Chandelure ex, Mega Excadrill ex, and more to join the fray. Shadows deepen and nightmares become reality in the Pokémon TCG: Mega Evolution—Pitch Black expansion!<br> Each Sleeved Booster Pack Case contains 144 booster packs.",10196214142753.0,880.99,937.5,1149.99,1026.5,,Normal,,,,,,,,,,
692957,Pitch Black Sleeved Booster Pack,Pitch Black Sleeved Booster Pack,https://tcgplayer-cdn.tcgplayer.com/product/692957_200w.jpg,3,24688,https://cpt.tcgcsv.com/9cz7,2026-07-17T04:10:35.46,1,"Delve into Darkness Beyond Limits!<br>
Twinkling city lights and a starry sky become obscured in darkness as Mega Darkrai ex arrives with mystery and malice! But Mega Zeraora ex fights back with thunderous strikes of lightning, leading the way for Mega Chandelure ex, Mega Excadrill ex, and more to join the fray. Shadows deepen and nightmares become reality in the Pokémon TCG: Mega Evolution—Pitch Black expansion! Packs contain 10 random cards; individual pack has a cardboard guard.",196214142756.0,5.0,8.99,19.99,7.24,,Normal,,,,,,,,,,
692958,Pitch Black Sleeved Booster Pack Art Bundle [Set of 4],Pitch Black Sleeved Booster Pack Art Bundle Set of 4,https://tcgplayer-cdn.tcgplayer.com/product/692958_200w.jpg,3,24688,https://cpt.tcgcsv.com/bcz7,2026-07-17T04:10:35.46,1,"Delve into Darkness Beyond Limits!<br>
Twinkling city lights and a starry sky become obscured in darkness as Mega Darkrai ex arrives with mystery and malice! But Mega Zeraora ex fights back with thunderous strikes of lightning, leading the way for Mega Chandelure ex, Mega Excadrill ex, and more to join the fray. Shadows deepen and nightmares become reality in the Pokémon TCG: Mega Evolution—Pitch Black expansion! Collect 4 bundled packs.<br>
Each Sleeved Booster Pack contains 10 random cards.",,29.49,39.95,59.33,30.88,,Normal,,,,,,,,,,
693586,Pitch Black Build & Battle Box Display,Pitch Black Build and Battle Box Display,https://tcgplayer-cdn.tcgplayer.com/product/693586_200w.jpg,3,24688,https://cpt.tcgcsv.com/Lrz7,2026-05-14T13:05:15.287,1,"Delve into Darkness Beyond Limits!<br>
Twinkling city lights and a starry sky become obscured in darkness as Mega Darkrai ex arrives with mystery and malice! But Mega Zeraora ex fights back with thunderous strikes of lightning, leading the way for Mega Chandelure ex, Mega Excadrill ex, and more to join the fray. Shadows deepen and nightmares become reality in the Pokémon TCG: Mega Evolution—Pitch Black expansion! <br><br>
<strong>Display contains 10 Pitch Black Build & Battle Boxes.</strong>

<br><br>Each box contains:<br>
• A 40-card ready-to-play deck, including 1 of 4 unique foil promo cards<br>
• 4 Pokémon TCG: Mega Evolutions Pitch Black  booster packs<br>
• A code card for Pokémon TCG Live",196214157453.0,479.98,492.32,599.25,557.12,,Normal,,,,,,,,,,
693589,Pitch Black 3-Pack Blister Case,Pitch Black 3 Pack Blister Case,https://tcgplayer-cdn.tcgplayer.com/product/693589_200w.jpg,3,24688,https://cpt.tcgcsv.com/Prz7,2026-07-17T04:10:35.46,1,"Delve into Darkness Beyond Limits!
Twinkling city lights and a starry sky become obscured in darkness as Mega Darkrai ex arrives with mystery and malice! But Mega Zeraora ex fights back with thunderous strikes of lightning, leading the way for Mega Chandelure ex, Mega Excadrill ex, and more to join the fray. Shadows deepen and nightmares become reality in the Pokémon TCG: Mega Evolution—Pitch Black expansion!
<br>
Give your collection a boost! <br>
Get in on the latest Pokémon TCG action with three awesome booster packs from the new Mega Evolution-Pitch Black expansion and a special foil promo card!",10196214157474.0,534.98,649.99,1219.94,1219.94,,Normal,,,,,,,,,,
704758,Tropius,Tropius,https://tcgplayer-cdn.tcgplayer.com/product/704758_200w.jpg,3,24688,https://cpt.tcgcsv.com/bWF7,2026-07-17T04:10:35.46,1,,,0.01,0.15,1.65,0.08,0.04,Normal,001/084,Common,Grass,110.0,Basic,"[C] Fruity Aroma<br> Look at the top 6 cards of your deck, and you may reveal any number of Pokémon you find there and put them into your hand. Shuffle the other cards back into your deck.",[GC] Solar Beam (60),Rx2,1.0,
704758,Tropius,Tropius,https://tcgplayer-cdn.tcgplayer.com/product/704758_200w.jpg,3,24688,https://cpt.tcgcsv.com/bWF7,2026-07-17T04:10:35.46,1,,,0.01,0.18,2.0,0.15,0.1,Reverse Holofoil,001/084,Common,Grass,110.0,Basic,"[C] Fruity Aroma<br> Look at the top 6 cards of your deck, and you may reveal any number of Pokémon you find there and put them into your hand. Shuffle the other cards back into your deck.",[GC] Solar Beam (60),Rx2,1.0,
704759,Grubbin,Grubbin,https://tcgplayer-cdn.tcgplayer.com/product/704759_200w.jpg,3,24688,https://cpt.tcgcsv.com/cWF7,2026-07-17T04:10:35.46,1,,,0.01,0.13,1.65,0.06,0.01,Normal,002/084,Common,Grass,70.0,Basic,"[C] String Shot (10)<br> Flip a coin. If heads, your opponent's Active Pokémon is now Paralyzed.",,Rx2,2.0,
704759,Grubbin,Grubbin,https://tcgplayer-cdn.tcgplayer.com/product/704759_200w.jpg,3,24688,https://cpt.tcgcsv.com/cWF7,2026-07-17T04:10:35.46,1,,,0.01,0.18,1.65,0.1,0.1,Reverse Holofoil,002/084,Common,Grass,70.0,Basic,"[C] String Shot (10)<br> Flip a coin. If heads, your opponent's Active Pokémon is now Paralyzed.",,Rx2,2.0,
704760,Fomantis - 003/084,Fomantis 003 084,https://tcgplayer-cdn.tcgplayer.com/product/704760_200w.jpg,3,24688,https://cpt.tcgcsv.com/dWF7,2026-07-17T04:10:35.46,1,,,0.01,0.15,1.65,0.06,0.02,Normal,003/084,Common,Grass,70.0,Basic,[G] Reckless Charge (30)<br> This Pokémon also does 10 damage to itself.,,Rx2,1.0,
704760,Fomantis - 003/084,Fomantis 003 084,https://tcgplayer-cdn.tcgplayer.com/product/704760_200w.jpg,3,24688,https://cpt.tcgcsv.com/dWF7,2026-07-17T04:10:35.46,1,,,0.01,0.2,25.0,0.19,0.12,Reverse Holofoil,003/084,Common,Grass,70.0,Basic,[G] Reckless Charge (30)<br> This Pokémon also does 10 damage to itself.,,Rx2,1.0,
704761,Lurantis ex - 004/084,Lurantis ex 004 084,https://tcgplayer-cdn.tcgplayer.com/product/704761_200w.jpg,3,24688,https://cpt.tcgcsv.com/fWF7,2026-07-17T04:10:35.46,1,,,0.13,0.56,25.0,0.53,0.51,Holofoil,004/084,Double Rare,Grass,260.0,Stage 1,"[G] Lively Cutter (60+)<br> If this Pokémon was healed during this turn, this attack does 200 more damage.","[GC] Leaf Guard (140)<br>During your opponent's next turn, this Pokémon takes 50 less damage from attacks <em>(after applying Weakness and Resistance)</em>.",Rx2,1.0,
704762,Poltchageist,Poltchageist,https://tcgplayer-cdn.tcgplayer.com/product/704762_200w.jpg,3,24688,https://cpt.tcgcsv.com/gWF7,2026-07-17T04:10:35.46,1,,,0.01,0.25,3.22,0.16,0.1,Reverse Holofoil,005/084,Common,Grass,30.0,Basic,[C] Furtive Drop<br> Place 1 damage counter on your opponent's Active Pokémon.,,Rx2,0.0,
704762,Poltchageist,Poltchageist,https://tcgplayer-cdn.tcgplayer.com/product/704762_200w.jpg,3,24688,https://cpt.tcgcsv.com/gWF7,2026-07-17T04:10:35.46,1,,,0.01,0.15,2.2,0.08,0.05,Normal,005/084,Common,Grass,30.0,Basic,[C] Furtive Drop<br> Place 1 damage counter on your opponent's Active Pokémon.,,Rx2,0.0,
704763,Sinistcha,Sinistcha,https://tcgplayer-cdn.tcgplayer.com/product/704763_200w.jpg,3,24688,https://cpt.tcgcsv.com/hWF7,2026-07-17T04:10:35.46,1,<strong>Ability: Hide 'n' Sneak</strong> Prevent all effects of your opponent's Pokémon's attacks and Abilities done to this Pokémon. <em>(Damage is not an effect.)</em>,,0.02,0.25,4.99,0.18,0.15,Reverse Holofoil,006/084,Uncommon,Grass,60.0,Stage 1,"[C] Matcha Spin<br> If you have 6 or more Pokémon that have the Hide 'n' Sneak Ability in your discard pile, place 4 damage counters on each of your opponent's Pokémon.",,Rx2,1.0,
704763,Sinistcha,Sinistcha,https://tcgplayer-cdn.tcgplayer.com/product/704763_200w.jpg,3,24688,https://cpt.tcgcsv.com/hWF7,2026-07-17T04:10:35.46,1,<strong>Ability: Hide 'n' Sneak</strong> Prevent all effects of your opponent's Pokémon's attacks and Abilities done to this Pokémon. <em>(Damage is not an effect.)</em>,,0.01,0.15,2.2,0.09,0.05,Normal,006/084,Uncommon,Grass,60.0,Stage 1,"[C] Matcha Spin<br> If you have 6 or more Pokémon that have the Hide 'n' Sneak Ability in your discard pile, place 4 damage counters on each of your opponent's Pokémon.",,Rx2,1.0,
704764,Heatran,Heatran,https://tcgplayer-cdn.tcgplayer.com/product/704764_200w.jpg,3,24688,https://cpt.tcgcsv.com/jWF7,2026-07-17T04:10:35.46,1,,,0.01,0.15,3.49,0.05,0.04,Normal,007/084,Uncommon,Fire,140.0,Basic,[R] Singe<br> Your opponent's Active Pokémon is now Burned.,"[RRC] Lava Wall (120)<br>During your opponent's next turn, prevent all damage done to this Pokémon by attacks from Burned Pokémon.",Wx2,4.0,
704764,Heatran,Heatran,https://tcgplayer-cdn.tcgplayer.com/product/704764_200w.jpg,3,24688,https://cpt.tcgcsv.com/jWF7,2026-07-17T04:10:35.46,1,,,0.01,0.2,2.0,0.16,0.12,Reverse Holofoil,007/084,Uncommon,Fire,140.0,Basic,[R] Singe<br> Your opponent's Active Pokémon is now Burned.,"[RRC] Lava Wall (120)<br>During your opponent's next turn, prevent all damage done to this Pokémon by attacks from Burned Pokémon.",Wx2,4.0,
704765,Mega Delphox ex,Mega Delphox ex,https://tcgplayer-cdn.tcgplayer.com/product/704765_200w.jpg,3,24688,https://cpt.tcgcsv.com/kWF7,2026-07-17T04:10:35.46,1,,,0.24,0.75,19.99,0.87,0.86,Holofoil,008/084,Double Rare,Fire,350.0,Stage 2,"[R] Trick Portal<br> Look at the top 9 cards of your deck, and you may put any number of Pokémon you find there onto your Bench. Shuffle the other cards back into your deck.",[RCC] Eerie Glow (200)<br>Your opponent's Active Pokémon is now Burned and Confused.,Wx2,2.0,
704766,Sizzlipede,Sizzlipede,https://tcgplayer-cdn.tcgplayer.com/product/704766_200w.jpg,3,24688,https://cpt.tcgcsv.com/lWF7,2026-07-17T04:10:35.46,1,,,0.01,0.17,4.0,0.15,0.06,Reverse Holofoil,009/084,Common,Fire,80.0,Basic,[R] Controlled Burn<br> Discard the top card of your opponent's deck.,"[CCC] Bug Out (50x)<br>Reveal the bottom 7 cards of your deck, and this attack does 50 damage for each Pokémon you find there that has the Bug Out attack. Then, shuffle any revealed Pokémon back into your deck. Discard the other cards.",Wx2,2.0,
704766,Sizzlipede,Sizzlipede,https://tcgplayer-cdn.tcgplayer.com/product/704766_200w.jpg,3,24688,https://cpt.tcgcsv.com/lWF7,2026-07-17T04:10:35.46,1,,,0.01,0.13,1.65,0.06,0.04,Normal,009/084,Common,Fire,80.0,Basic,[R] Controlled Burn<br> Discard the top card of your opponent's deck.,"[CCC] Bug Out (50x)<br>Reveal the bottom 7 cards of your deck, and this attack does 50 damage for each Pokémon you find there that has the Bug Out attack. Then, shuffle any revealed Pokémon back into your deck. Discard the other cards.",Wx2,2.0,
704767,Centiskorch,Centiskorch,https://tcgplayer-cdn.tcgplayer.com/product/704767_200w.jpg,3,24688,https://cpt.tcgcsv.com/mWF7,2026-07-17T04:10:35.46,1,,,0.01,0.14,1.65,0.06,0.04,Normal,010/084,Common,Fire,140.0,Stage 1,[R] Controlled Burn<br> Discard the top 2 cards of your opponent's deck.,[RCCC] Heat Tackle (160)<br>This Pokémon also does 30 damage to itself.,Wx2,3.0,
704767,Centiskorch,Centiskorch,https://tcgplayer-cdn.tcgplayer.com/product/704767_200w.jpg,3,24688,https://cpt.tcgcsv.com/mWF7,2026-07-17T04:10:35.46,1,,,0.01,0.15,1.95,0.1,0.08,Reverse Holofoil,010/084,Common,Fire,140.0,Stage 1,[R] Controlled Burn<br> Discard the top 2 cards of your opponent's deck.,[RCCC] Heat Tackle (160)<br>This Pokémon also does 30 damage to itself.,Wx2,3.0,
704768,Charcadet,Charcadet,https://tcgplayer-cdn.tcgplayer.com/product/704768_200w.jpg,3,24688,https://cpt.tcgcsv.com/nWF7,2026-07-17T04:10:35.46,1,,,0.01,0.2,25.0,0.13,0.1,Reverse Holofoil,011/084,Common,Fire,80.0,Basic,"[R] Best Punch (40)<br> Flip a coin. If tails, this attack does nothing.",,Wx2,2.0,
704768,Charcadet,Charcadet,https://tcgplayer-cdn.tcgplayer.com/product/704768_200w.jpg,3,24688,https://cpt.tcgcsv.com/nWF7,2026-07-17T04:10:35.46,1,,,0.01,0.15,1.65,0.05,0.02,Normal,011/084,Common,Fire,80.0,Basic,"[R] Best Punch (40)<br> Flip a coin. If tails, this attack does nothing.",,Wx2,2.0,
704769,Armarouge - 012/084,Armarouge 012 084,https://tcgplayer-cdn.tcgplayer.com/product/704769_200w.jpg,3,24688,https://cpt.tcgcsv.com/pWF7,2026-07-17T04:10:35.46,1,,,0.01,0.15,1.65,0.14,0.05,Holofoil,012/084,Rare,Fire,140.0,Stage 1,[R] Flame Legion (40+)<br> This attack does 40 more damage for each of your Benched Pokémon that has any Fire Energy attached.,,Wx2,2.0,
704769,Armarouge - 012/084,Armarouge 012 084,https://tcgplayer-cdn.tcgplayer.com/product/704769_200w.jpg,3,24688,https://cpt.tcgcsv.com/pWF7,2026-07-17T04:10:35.46,1,,,0.07,0.25,1.59,0.25,0.2,Reverse Holofoil,012/084,Rare,Fire,140.0,Stage 1,[R] Flame Legion (40+)<br> This attack does 40 more damage for each of your Benched Pokémon that has any Fire Energy attached.,,Wx2,2.0,
704770,Goldeen - 013/084,Goldeen 013 084,https://tcgplayer-cdn.tcgplayer.com/product/704770_200w.jpg,3,24688,https://cpt.tcgcsv.com/qWF7,2026-07-17T04:10:35.46,1,,,0.01,0.14,1.95,0.04,0.04,Normal,013/084,Common,Water,70.0,Basic,[CC] Pierce (30),,Lx2,1.0,
704770,Goldeen - 013/084,Goldeen 013 084,https://tcgplayer-cdn.tcgplayer.com/product/704770_200w.jpg,3,24688,https://cpt.tcgcsv.com/qWF7,2026-07-17T04:10:35.46,1,,,0.02,0.19,1.66,0.1,0.1,Reverse Holofoil,013/084,Common,Water,70.0,Basic,[CC] Pierce (30),,Lx2,1.0,
704771,Seaking,Seaking,https://tcgplayer-cdn.tcgplayer.com/product/704771_200w.jpg,3,24688,https://cpt.tcgcsv.com/rWF7,2026-07-17T04:10:35.46,1,,,0.01,0.15,1.95,0.07,0.02,Normal,014/084,Uncommon,Water,110.0,Stage 1,[CCC] Hydro Jet<br> This attack does 30 damage to 1 of your opponent's Pokémon for each Water Energy attached to this Pokémon. <em>(Don't apply Weakness and Resistance for Benched Pokémon.)</em>,,Lx2,1.0,
704771,Seaking,Seaking,https://tcgplayer-cdn.tcgplayer.com/product/704771_200w.jpg,3,24688,https://cpt.tcgcsv.com/rWF7,2026-07-17T04:10:35.46,1,,,0.01,0.2,2.99,0.12,0.07,Reverse Holofoil,014/084,Uncommon,Water,110.0,Stage 1,[CCC] Hydro Jet<br> This attack does 30 damage to 1 of your opponent's Pokémon for each Water Energy attached to this Pokémon. <em>(Don't apply Weakness and Resistance for Benched Pokémon.)</em>,,Lx2,1.0,
704772,Wailmer,Wailmer,https://tcgplayer-cdn.tcgplayer.com/product/704772_200w.jpg,3,24688,https://cpt.tcgcsv.com/sWF7,2026-07-17T04:10:35.46,1,,,0.01,0.17,3.0,0.12,0.05,Normal,015/084,Common,Water,130.0,Basic,[WW] Water Gun (40),[WWW] Wave Splash (80),Lx2,4.0,
704772,Wailmer,Wailmer,https://tcgplayer-cdn.tcgplayer.com/product/704772_200w.jpg,3,24688,https://cpt.tcgcsv.com/sWF7,2026-07-17T04:10:35.46,1,,,0.01,0.25,5.0,0.24,0.2,Reverse Holofoil,015/084,Common,Water,130.0,Basic,[WW] Water Gun (40),[WWW] Wave Splash (80),Lx2,4.0,
704773,Wailord ex - 016/084,Wailord ex 016 084,https://tcgplayer-cdn.tcgplayer.com/product/704773_200w.jpg,3,24688,https://cpt.tcgcsv.com/tWF7,2026-07-17T04:10:35.46,1,,,0.2,0.7,19.9,0.58,0.57,Holofoil,016/084,Double Rare,Water,380.0,Stage 1,[WWW] Surf (120),[WWWWW] Falling Down (270)<br>This Pokémon is now Asleep.,Lx2,4.0,
704774,Relicanth,Relicanth,https://tcgplayer-cdn.tcgplayer.com/product/704774_200w.jpg,3,24688,https://cpt.tcgcsv.com/vWF7,2026-07-17T04:10:35.46,1,,,0.01,0.15,1.65,0.05,0.05,Normal,017/084,Uncommon,Water,100.0,Basic,"[C] Fossil Beatdown (10+)<br> This attack does 30 more damage for each of your Benched Pokémon that has ""Antique"" in its name.",,Lx2,1.0,
704774,Relicanth,Relicanth,https://tcgplayer-cdn.tcgplayer.com/product/704774_200w.jpg,3,24688,https://cpt.tcgcsv.com/vWF7,2026-07-17T04:10:35.46,1,,,0.02,0.2,2.99,0.16,0.1,Reverse Holofoil,017/084,Uncommon,Water,100.0,Basic,"[C] Fossil Beatdown (10+)<br> This attack does 30 more damage for each of your Benched Pokémon that has ""Antique"" in its name.",,Lx2,1.0,
704775,Popplio,Popplio,https://tcgplayer-cdn.tcgplayer.com/product/704775_200w.jpg,3,24688,https://cpt.tcgcsv.com/wWF7,2026-07-17T04:10:35.46,1,,,0.01,0.19,4.0,0.13,0.05,Reverse Holofoil,018/084,Common,Water,70.0,Basic,[W] Pound (20),,Lx2,1.0,
704775,Popplio,Popplio,https://tcgplayer-cdn.tcgplayer.com/product/704775_200w.jpg,3,24688,https://cpt.tcgcsv.com/wWF7,2026-07-17T04:10:35.46,1,,,0.01,0.15,1.65,0.06,0.04,Normal,018/084,Common,Water,70.0,Basic,[W] Pound (20),,Lx2,1.0,
704776,Brionne,Brionne,https://tcgplayer-cdn.tcgplayer.com/product/704776_200w.jpg,3,24688,https://cpt.tcgcsv.com/xWF7,2026-07-17T04:10:35.46,1,,,0.01,0.2,5.0,0.15,0.12,Reverse Holofoil,019/084,Common,Water,90.0,Stage 1,[W] Hyper Voice (40),,Lx2,2.0,
704776,Brionne,Brionne,https://tcgplayer-cdn.tcgplayer.com/product/704776_200w.jpg,3,24688,https://cpt.tcgcsv.com/xWF7,2026-07-17T04:10:35.46,1,,,0.01,0.15,1.95,0.09,0.05,Normal,019/084,Common,Water,90.0,Stage 1,[W] Hyper Voice (40),,Lx2,2.0,
704777,Primarina - 020/084,Primarina 020 084,https://tcgplayer-cdn.tcgplayer.com/product/704777_200w.jpg,3,24688,https://cpt.tcgcsv.com/zWF7,2026-07-17T04:10:35.46,1,"<strong>Ability: Enriching Melody</strong> Once during your turn, when you play this Pokémon from your hand to evolve 1 of your Pokémon, you may use this Ability. Heal all damage from 1 of your Pokémon.",,0.05,0.24,3.99,0.19,0.15,Reverse Holofoil,020/084,Rare,Water,150.0,Stage 2,[WC] Aqua Return (120)<br> Shuffle this Pokémon and all attached cards into your deck.,,Lx2,2.0,
704777,Primarina - 020/084,Primarina 020 084,https://tcgplayer-cdn.tcgplayer.com/product/704777_200w.jpg,3,24688,https://cpt.tcgcsv.com/zWF7,2026-07-17T04:10:35.46,1,"<strong>Ability: Enriching Melody</strong> Once during your turn, when you play this Pokémon from your hand to evolve 1 of your Pokémon, you may use this Ability. Heal all damage from 1 of your Pokémon.",,0.01,0.17,3.98,0.12,0.07,Holofoil,020/084,Rare,Water,150.0,Stage 2,[WC] Aqua Return (120)<br> Shuffle this Pokémon and all attached cards into your deck.,,Lx2,2.0,
704778,Finizen,Finizen,https://tcgplayer-cdn.tcgplayer.com/product/704778_200w.jpg,3,24688,https://cpt.tcgcsv.com/BWF7,2026-07-17T04:10:35.46,1,,,0.01,0.19,2.99,0.16,0.15,Reverse Holofoil,021/084,Common,Water,80.0,Basic,[WW] Draining Fin (20)<br> Heal 20 damage from this Pokémon.,,Lx2,2.0,
704778,Finizen,Finizen,https://tcgplayer-cdn.tcgplayer.com/product/704778_200w.jpg,3,24688,https://cpt.tcgcsv.com/BWF7,2026-07-17T04:10:35.46,1,,,0.01,0.14,1.65,0.05,0.03,Normal,021/084,Common,Water,80.0,Basic,[WW] Draining Fin (20)<br> Heal 20 damage from this Pokémon.,,Lx2,2.0,
704779,Palafin,Palafin,https://tcgplayer-cdn.tcgplayer.com/product/704779_200w.jpg,3,24688,https://cpt.tcgcsv.com/CWF7,2026-07-17T04:10:35.46,1,,,0.01,0.15,1.65,0.04,0.04,Normal,022/084,Uncommon,Water,150.0,Stage 1,"[WW] Knuckle Justice (80+)<br> If your opponent has exactly 1 Prize card remaining, this attack does 200 more damage.",,Lx2,2.0,
704779,Palafin,Palafin,https://tcgplayer-cdn.tcgplayer.com/product/704779_200w.jpg,3,24688,https://cpt.tcgcsv.com/CWF7,2026-07-17T04:10:35.46,1,,,0.01,0.18,3.99,0.1,0.08,Reverse Holofoil,022/084,Uncommon,Water,150.0,Stage 1,"[WW] Knuckle Justice (80+)<br> If your opponent has exactly 1 Prize card remaining, this attack does 200 more damage.",,Lx2,2.0,
704780,Electrike,Electrike,https://tcgplayer-cdn.tcgplayer.com/product/704780_200w.jpg,3,24688,https://cpt.tcgcsv.com/DWF7,2026-07-17T04:10:35.46,1,,,0.01,0.15,1.65,0.11,0.05,Normal,023/084,Common,Lightning,70.0,Basic,[L] Collect<br> Draw a card.,[LL] Tackle (30),Fx2,1.0,
704780,Electrike,Electrike,https://tcgplayer-cdn.tcgplayer.com/product/704780_200w.jpg,3,24688,https://cpt.tcgcsv.com/DWF7,2026-07-17T04:10:35.46,1,,,0.02,0.19,1.66,0.15,0.12,Reverse Holofoil,023/084,Common,Lightning,70.0,Basic,[L] Collect<br> Draw a card.,[LL] Tackle (30),Fx2,1.0,
704781,Manectric - 024/084,Manectric 024 084,https://tcgplayer-cdn.tcgplayer.com/product/704781_200w.jpg,3,24688,https://cpt.tcgcsv.com/FWF7,2026-07-17T04:10:35.46,1,,,0.04,0.2,1.68,0.19,0.05,Reverse Holofoil,024/084,Uncommon,Lightning,120.0,Stage 1,"[LL] Flashing Barrier<br> During your opponent's next turn, prevent all damage done to this Pokémon by attacks from Evolution Pokémon.",[LLL] Sonic Edge (110)<br>This attack's damage isn't affected by any effects on your opponent's Active Pokémon.,Fx2,1.0,
704781,Manectric - 024/084,Manectric 024 084,https://tcgplayer-cdn.tcgplayer.com/product/704781_200w.jpg,3,24688,https://cpt.tcgcsv.com/FWF7,2026-07-17T04:10:35.46,1,,,0.01,0.15,1.65,0.1,0.05,Normal,024/084,Uncommon,Lightning,120.0,Stage 1,"[LL] Flashing Barrier<br> During your opponent's next turn, prevent all damage done to this Pokémon by attacks from Evolution Pokémon.",[LLL] Sonic Edge (110)<br>This attack's damage isn't affected by any effects on your opponent's Active Pokémon.,Fx2,1.0,
704782,Charjabug,Charjabug,https://tcgplayer-cdn.tcgplayer.com/product/704782_200w.jpg,3,24688,https://cpt.tcgcsv.com/GWF7,2026-07-17T04:10:35.46,1,,,0.01,0.15,1.65,0.06,0.04,Normal,025/084,Common,Lightning,100.0,Stage 1,[L] Vise Grip (30),[LL] Ram (50),Fx2,2.0,
704782,Charjabug,Charjabug,https://tcgplayer-cdn.tcgplayer.com/product/704782_200w.jpg,3,24688,https://cpt.tcgcsv.com/GWF7,2026-07-17T04:10:35.46,1,,,0.01,0.17,1.53,0.12,0.1,Reverse Holofoil,025/084,Common,Lightning,100.0,Stage 1,[L] Vise Grip (30),[LL] Ram (50),Fx2,2.0,
704783,Vikavolt,Vikavolt,https://tcgplayer-cdn.tcgplayer.com/product/704783_200w.jpg,3,24688,https://cpt.tcgcsv.com/HWF7,2026-07-17T04:10:35.46,1,,,0.01,0.15,1.65,0.07,0.05,Normal,026/084,Uncommon,Lightning,160.0,Stage 2,[L] Quick Dive<br> This attack does 50 damage to 1 of your opponent's Pokémon. <em>(Don't apply Weakness and Resistance for Benched Pokémon.)</em>,"[LL] Giga Railgun (260)<br>If this Pokémon has no Voltaic Lightning Energy attached, this attack does nothing.",Fx2,2.0,
704783,Vikavolt,Vikavolt,https://tcgplayer-cdn.tcgplayer.com/product/704783_200w.jpg,3,24688,https://cpt.tcgcsv.com/HWF7,2026-07-17T04:10:35.46,1,,,0.01,0.16,4.0,0.16,0.07,Reverse Holofoil,026/084,Uncommon,Lightning,160.0,Stage 2,[L] Quick Dive<br> This attack does 50 damage to 1 of your opponent's Pokémon. <em>(Don't apply Weakness and Resistance for Benched Pokémon.)</em>,"[LL] Giga Railgun (260)<br>If this Pokémon has no Voltaic Lightning Energy attached, this attack does nothing.",Fx2,2.0,
704784,Mega Zeraora ex - 027/084,Mega Zeraora ex 027 084,https://tcgplayer-cdn.tcgplayer.com/product/704784_200w.jpg,3,24688,https://cpt.tcgcsv.com/JWF7,2026-07-17T04:10:35.46,1,,,0.25,0.99,24.98,1.62,1.5,Holofoil,027/084,Double Rare,Lightning,270.0,Basic,[L] Thunderous Fist (60x)<br> This attack does 60 damage for each Lightning Energy attached to this Pokémon.,[LLL] Zepto Turn (150)<br>Switch this Pokémon with 1 of your Benched Pokémon.,Fx2,1.0,
704785,Miraidon,Miraidon,https://tcgplayer-cdn.tcgplayer.com/product/704785_200w.jpg,3,24688,https://cpt.tcgcsv.com/KWF7,2026-07-17T04:10:35.46,1,"<strong>Ability: Photon Cord</strong> If this Pokémon is in the Active Spot and is Knocked Out by damage from an attack from your opponent's Pokémon, move up to 2 Basic Lightning Energy cards from this Pokémon to 1 of your Benched Pokémon.",,0.01,0.15,1.62,0.13,0.09,Holofoil,028/084,Rare,Lightning,120.0,Basic,[LL] Thunder (90)<br> This Pokémon also does 30 damage to itself.,,Fx2,1.0,
704785,Miraidon,Miraidon,https://tcgplayer-cdn.tcgplayer.com/product/704785_200w.jpg,3,24688,https://cpt.tcgcsv.com/KWF7,2026-07-17T04:10:35.46,1,"<strong>Ability: Photon Cord</strong> If this Pokémon is in the Active Spot and is Knocked Out by damage from an attack from your opponent's Pokémon, move up to 2 Basic Lightning Energy cards from this Pokémon to 1 of your Benched Pokémon.",,0.08,0.24,1.61,0.22,0.15,Reverse Holofoil,028/084,Rare,Lightning,120.0,Basic,[LL] Thunder (90)<br> This Pokémon also does 30 damage to itself.,,Fx2,1.0,
704786,Slowpoke,Slowpoke,https://tcgplayer-cdn.tcgplayer.com/product/704786_200w.jpg,3,24688,https://cpt.tcgcsv.com/LWF7,2026-07-17T04:10:35.46,1,,,0.01,0.15,25.0,0.09,0.05,Normal,029/084,Common,Psychic,70.0,Basic,[P] All-You-Can-Yeet<br> You may discard any number of cards from your hand.,[CC] Headbutt (20),Dx2,2.0,F-30
704786,Slowpoke,Slowpoke,https://tcgplayer-cdn.tcgplayer.com/product/704786_200w.jpg,3,24688,https://cpt.tcgcsv.com/LWF7,2026-07-17T04:10:35.46,1,,,0.01,0.25,2.0,0.18,0.12,Reverse Holofoil,029/084,Common,Psychic,70.0,Basic,[P] All-You-Can-Yeet<br> You may discard any number of cards from your hand.,[CC] Headbutt (20),Dx2,2.0,F-30
704787,Slowbro - 030/084,Slowbro 030 084,https://tcgplayer-cdn.tcgplayer.com/product/704787_200w.jpg,3,24688,https://cpt.tcgcsv.com/MWF7,2026-07-17T04:10:35.46,1,,,0.01,0.29,2.0,0.27,0.2,Reverse Holofoil,030/084,Uncommon,Psychic,130.0,Stage 1,"[P] All Out (50+)<br> If you have no cards in your hand, this attack does 160 more damage.",[CCC] Zen Headbutt (110),Dx2,3.0,F-30
704787,Slowbro - 030/084,Slowbro 030 084,https://tcgplayer-cdn.tcgplayer.com/product/704787_200w.jpg,3,24688,https://cpt.tcgcsv.com/MWF7,2026-07-17T04:10:35.46,1,,,0.01,0.15,1.65,0.09,0.05,Normal,030/084,Uncommon,Psychic,130.0,Stage 1,"[P] All Out (50+)<br> If you have no cards in your hand, this attack does 160 more damage.",[CCC] Zen Headbutt (110),Dx2,3.0,F-30
704788,Mega Slowbro ex,Mega Slowbro ex,https://tcgplayer-cdn.tcgplayer.com/product/704788_200w.jpg,3,24688,https://cpt.tcgcsv.com/NWF7,2026-07-17T04:10:35.46,1,,,0.15,0.87,19.99,0.63,0.62,Holofoil,031/084,Double Rare,Psychic,330.0,Stage 1,"[PPP] Shellnado Spin (180)<br> During your opponent's next turn, if this Pokémon is damaged by an attack <em>(even if this Pokémon is Knocked Out)</em>, place 12 damage counters on the Attacking Pokémon.",,Dx2,3.0,F-30
704789,Jynx,Jynx,https://tcgplayer-cdn.tcgplayer.com/product/704789_200w.jpg,3,24688,https://cpt.tcgcsv.com/PWF7,2026-07-17T04:10:35.46,1,,,0.01,0.18,2.99,0.16,0.12,Reverse Holofoil,032/084,Common,Psychic,100.0,Basic,"[P] Intense Kiss<br> At the end of your opponent's next turn, discard the Defending Pokémon and all attached cards.","[PC] Psy Bolt (50)<br>Flip a coin. If heads, your opponent's Active Pokémon is now Paralyzed.",Dx2,1.0,F-30
704789,Jynx,Jynx,https://tcgplayer-cdn.tcgplayer.com/product/704789_200w.jpg,3,24688,https://cpt.tcgcsv.com/PWF7,2026-07-17T04:10:35.46,1,,,0.01,0.15,1.65,0.06,0.05,Normal,032/084,Common,Psychic,100.0,Basic,"[P] Intense Kiss<br> At the end of your opponent's next turn, discard the Defending Pokémon and all attached cards.","[PC] Psy Bolt (50)<br>Flip a coin. If heads, your opponent's Active Pokémon is now Paralyzed.",Dx2,1.0,F-30
704790,Shuppet,Shuppet,https://tcgplayer-cdn.tcgplayer.com/product/704790_200w.jpg,3,24688,https://cpt.tcgcsv.com/QWF7,2026-07-17T04:10:35.46,1,<strong>Ability: Hide 'n' Sneak</strong> Prevent all effects of your opponent's Pokémon's attacks and Abilities done to this Pokémon. <em>(Damage is not an effect.)</em>,,0.01,0.2,2.2,0.15,0.1,Normal,033/084,Common,Psychic,50.0,Basic,[P] Hang Down (10),,Dx2,1.0,F-30
704790,Shuppet,Shuppet,https://tcgplayer-cdn.tcgplayer.com/product/704790_200w.jpg,3,24688,https://cpt.tcgcsv.com/QWF7,2026-07-17T04:10:35.46,1,<strong>Ability: Hide 'n' Sneak</strong> Prevent all effects of your opponent's Pokémon's attacks and Abilities done to this Pokémon. <em>(Damage is not an effect.)</em>,,0.02,0.35,4.99,0.28,0.25,Reverse Holofoil,033/084,Common,Psychic,50.0,Basic,[P] Hang Down (10),,Dx2,1.0,F-30
704791,Banette,Banette,https://tcgplayer-cdn.tcgplayer.com/product/704791_200w.jpg,3,24688,https://cpt.tcgcsv.com/RWF7,2026-07-17T04:10:35.46,1,<strong>Ability: Hide 'n' Sneak</strong> Prevent all effects of your opponent's Pokémon's attacks and Abilities done to this Pokémon. <em>(Damage is not an effect.)</em>,,0.1,0.36,3.22,0.36,0.25,Reverse Holofoil,034/084,Uncommon,Psychic,80.0,Stage 1,"[P] Puppet Pull (80)<br> You may search your deck for a card and put it into your hand. Then, shuffle your deck.",,Dx2,1.0,F-30
704791,Banette,Banette,https://tcgplayer-cdn.tcgplayer.com/product/704791_200w.jpg,3,24688,https://cpt.tcgcsv.com/RWF7,2026-07-17T04:10:35.46,1,<strong>Ability: Hide 'n' Sneak</strong> Prevent all effects of your opponent's Pokémon's attacks and Abilities done to this Pokémon. <em>(Damage is not an effect.)</em>,,0.01,0.18,2.2,0.1,0.07,Normal,034/084,Uncommon,Psychic,80.0,Stage 1,"[P] Puppet Pull (80)<br> You may search your deck for a card and put it into your hand. Then, shuffle your deck.",,Dx2,1.0,F-30
704792,Spiritomb,Spiritomb,https://tcgplayer-cdn.tcgplayer.com/product/704792_200w.jpg,3,24688,https://cpt.tcgcsv.com/SWF7,2026-07-17T04:10:35.46,1,,,0.03,0.2,2.11,0.13,0.1,Holofoil,035/084,Rare,Psychic,60.0,Basic,"[P] Spiritual End<br> If you have 13 or more Pokémon that have the Hide 'n' Sneak Ability in your discard pile, choose 2 of your opponent's Pokémon and quadruple the number of damage counters on each of them.",,Dx2,1.0,F-30
704792,Spiritomb,Spiritomb,https://tcgplayer-cdn.tcgplayer.com/product/704792_200w.jpg,3,24688,https://cpt.tcgcsv.com/SWF7,2026-07-17T04:10:35.46,1,,,0.05,0.4,4.99,0.26,0.25,Reverse Holofoil,035/084,Rare,Psychic,60.0,Basic,"[P] Spiritual End<br> If you have 13 or more Pokémon that have the Hide 'n' Sneak Ability in your discard pile, choose 2 of your opponent's Pokémon and quadruple the number of damage counters on each of them.",,Dx2,1.0,F-30
704793,Litwick,Litwick,https://tcgplayer-cdn.tcgplayer.com/product/704793_200w.jpg,3,24688,https://cpt.tcgcsv.com/TWF7,2026-07-17T04:10:35.46,1,,,0.01,0.16,1.65,0.11,0.05,Normal,036/084,Common,Psychic,70.0,Basic,[P] Will-O-Wisp (20),,Dx2,1.0,F-30
704793,Litwick,Litwick,https://tcgplayer-cdn.tcgplayer.com/product/704793_200w.jpg,3,24688,https://cpt.tcgcsv.com/TWF7,2026-07-17T04:10:35.46,1,,,0.02,0.24,1.96,0.21,0.15,Reverse Holofoil,036/084,Common,Psychic,70.0,Basic,[P] Will-O-Wisp (20),,Dx2,1.0,F-30
704794,Lampent,Lampent,https://tcgplayer-cdn.tcgplayer.com/product/704794_200w.jpg,3,24688,https://cpt.tcgcsv.com/VWF7,2026-07-17T04:10:35.46,1,,,0.01,0.15,1.95,0.07,0.05,Normal,037/084,Uncommon,Psychic,90.0,Stage 1,"[P] Spreading Light<br> Search your deck for up to 3 Lampent and put them onto your Bench. Then, shuffle your deck.",,Dx2,1.0,F-30
704794,Lampent,Lampent,https://tcgplayer-cdn.tcgplayer.com/product/704794_200w.jpg,3,24688,https://cpt.tcgcsv.com/VWF7,2026-07-17T04:10:35.46,1,,,0.01,0.25,1.65,0.23,0.15,Reverse Holofoil,037/084,Uncommon,Psychic,90.0,Stage 1,"[P] Spreading Light<br> Search your deck for up to 3 Lampent and put them onto your Bench. Then, shuffle your deck.",,Dx2,1.0,F-30
704795,Mega Chandelure ex - 038/084,Mega Chandelure ex 038 084,https://tcgplayer-cdn.tcgplayer.com/product/704795_200w.jpg,3,24688,https://cpt.tcgcsv.com/WWF7,2026-07-17T04:10:35.46,1,<strong>Ability: Binding Flame</strong> Your opponent's Active Pokémon's Retreat Cost is {{e}} more.,,0.3,1.1,23.0,1.48,1.45,Holofoil,038/084,Double Rare,Psychic,350.0,Stage 2,[PP] Phantom Maze (130+)<br> This attack does 50 more damage for each Retreat Cost.,,Dx2,2.0,F-30
704796,Dhelmise - 039/084,Dhelmise 039 084,https://tcgplayer-cdn.tcgplayer.com/product/704796_200w.jpg,3,24688,https://cpt.tcgcsv.com/XWF7,2026-07-17T04:10:35.46,1,,,0.02,0.3,3.99,0.22,0.15,Reverse Holofoil,039/084,Uncommon,Psychic,140.0,Basic,"[P] Vengeful Anchor (30+)<br> If you have 4 or more Pokémon that have the Hide 'n' Sneak Ability in your discard pile, this attack does 140 more damage.",,Dx2,3.0,F-30
704796,Dhelmise - 039/084,Dhelmise 039 084,https://tcgplayer-cdn.tcgplayer.com/product/704796_200w.jpg,3,24688,https://cpt.tcgcsv.com/XWF7,2026-07-17T04:10:35.46,1,,,0.01,0.19,3.99,0.12,0.07,Normal,039/084,Uncommon,Psychic,140.0,Basic,"[P] Vengeful Anchor (30+)<br> If you have 4 or more Pokémon that have the Hide 'n' Sneak Ability in your discard pile, this attack does 140 more damage.",,Dx2,3.0,F-30
704797,Marshadow,Marshadow,https://tcgplayer-cdn.tcgplayer.com/product/704797_200w.jpg,3,24688,https://cpt.tcgcsv.com/ZWF7,2026-07-17T04:10:35.46,1,,,0.01,0.15,1.65,0.08,0.05,Normal,040/084,Uncommon,Psychic,90.0,Basic,[P] Shadowy Knot (30x)<br> This attack does 30 damage for each Retreat Cost.,,Dx2,1.0,F-30
704797,Marshadow,Marshadow,https://tcgplayer-cdn.tcgplayer.com/product/704797_200w.jpg,3,24688,https://cpt.tcgcsv.com/ZWF7,2026-07-17T04:10:35.46,1,,,0.02,0.2,3.0,0.2,0.14,Reverse Holofoil,040/084,Uncommon,Psychic,90.0,Basic,[P] Shadowy Knot (30x)<br> This attack does 30 damage for each Retreat Cost.,,Dx2,1.0,F-30
704798,Annihilape,Annihilape,https://tcgplayer-cdn.tcgplayer.com/product/704798_200w.jpg,3,24688,https://cpt.tcgcsv.com/-WF7,2026-07-17T04:10:35.46,1,"<strong>Ability: Durable Body</strong> If this Pokémon would be Knocked Out by damage from an attack, flip a coin. If heads, this Pokémon is not Knocked Out, and its remaining HP becomes 10.",,0.01,0.15,1.95,0.08,0.02,Normal,041/084,Uncommon,Psychic,150.0,Stage 2,[PP] Ghostly Blow (100)<br> Place 5 damage counters on 1 of your opponent's Benched Pokémon.,,Dx2,2.0,F-30
704798,Annihilape,Annihilape,https://tcgplayer-cdn.tcgplayer.com/product/704798_200w.jpg,3,24688,https://cpt.tcgcsv.com/-WF7,2026-07-17T04:10:35.46,1,"<strong>Ability: Durable Body</strong> If this Pokémon would be Knocked Out by damage from an attack, flip a coin. If heads, this Pokémon is not Knocked Out, and its remaining HP becomes 10.",,0.01,0.2,30.0,0.18,0.12,Reverse Holofoil,041/084,Uncommon,Psychic,150.0,Stage 2,[PP] Ghostly Blow (100)<br> Place 5 damage counters on 1 of your opponent's Benched Pokémon.,,Dx2,2.0,F-30
704799,Mankey,Mankey,https://tcgplayer-cdn.tcgplayer.com/product/704799_200w.jpg,3,24688,https://cpt.tcgcsv.com/_WF7,2026-07-17T04:10:35.46,1,,,0.01,0.22,4.99,0.2,0.15,Reverse Holofoil,042/084,Common,Fighting,50.0,Basic,[C] Low Kick (20),,Px2,1.0,
704799,Mankey,Mankey,https://tcgplayer-cdn.tcgplayer.com/product/704799_200w.jpg,3,24688,https://cpt.tcgcsv.com/_WF7,2026-07-17T04:10:35.46,1,,,0.01,0.15,2.2,0.07,0.05,Normal,042/084,Common,Fighting,50.0,Basic,[C] Low Kick (20),,Px2,1.0,
704800,Primeape,Primeape,https://tcgplayer-cdn.tcgplayer.com/product/704800_200w.jpg,3,24688,https://cpt.tcgcsv.com/0XF7,2026-07-17T04:10:35.46,1,,,0.01,0.15,1.65,0.06,0.05,Normal,043/084,Common,Fighting,110.0,Stage 1,[CC] Corkscrew Punch (50),,Px2,2.0,
704800,Primeape,Primeape,https://tcgplayer-cdn.tcgplayer.com/product/704800_200w.jpg,3,24688,https://cpt.tcgcsv.com/0XF7,2026-07-17T04:10:35.46,1,,,0.01,0.18,1.65,0.16,0.09,Reverse Holofoil,043/084,Common,Fighting,110.0,Stage 1,[CC] Corkscrew Punch (50),,Px2,2.0,
704801,Cranidos,Cranidos,https://tcgplayer-cdn.tcgplayer.com/product/704801_200w.jpg,3,24688,https://cpt.tcgcsv.com/2XF7,2026-07-17T12:59:24.42,1,,,0.04,0.2,1.68,0.19,0.15,Reverse Holofoil,044/084,Common,Fighting,100.0,Stage 1,[FF] Push Down (70)<br> Switch out your opponent's Active Pokémon to the Bench. <em>(Your opponent chooses the new Active Pokémon.)</em>,,Gx2,2.0,
704801,Cranidos,Cranidos,https://tcgplayer-cdn.tcgplayer.com/product/704801_200w.jpg,3,24688,https://cpt.tcgcsv.com/2XF7,2026-07-17T12:59:24.42,1,,,0.01,0.15,1.66,0.09,0.05,Normal,044/084,Common,Fighting,100.0,Stage 1,[FF] Push Down (70)<br> Switch out your opponent's Active Pokémon to the Bench. <em>(Your opponent chooses the new Active Pokémon.)</em>,,Gx2,2.0,
704802,Rampardos ex - 045/084,Rampardos ex 045 084,https://tcgplayer-cdn.tcgplayer.com/product/704802_200w.jpg,3,24688,https://cpt.tcgcsv.com/3XF7,2026-07-17T04:10:35.46,1,"<strong>Ability: Destructive Headbutting</strong> Once during your turn, if this Pokémon is in the Active Spot, you may use this Ability. Flip a coin. If heads, discard an Energy from your opponent's Active Pokémon.",,0.15,0.7,19.99,0.6,0.61,Holofoil,045/084,Double Rare,Fighting,330.0,Stage 2,"[FF] Rowdy Hammer (150)<br> During your next turn, attacks used by this Pokémon do 150 more damage to your opponent's Active Pokémon <em>(before applying Weakness and Resistance)</em>.",,Gx2,2.0,
704803,Drilbur,Drilbur,https://tcgplayer-cdn.tcgplayer.com/product/704803_200w.jpg,3,24688,https://cpt.tcgcsv.com/5XF7,2026-07-17T04:10:35.46,1,,,0.01,0.16,1.53,0.16,0.1,Normal,046/084,Common,Fighting,70.0,Basic,"[C] Call for Family<br> Search your deck for up to 2 Basic Pokémon and put them onto your Bench. Then, shuffle your deck.",[CCC] Dig Claws (50),Gx2,2.0,
704803,Drilbur,Drilbur,https://tcgplayer-cdn.tcgplayer.com/product/704803_200w.jpg,3,24688,https://cpt.tcgcsv.com/5XF7,2026-07-17T04:10:35.46,1,,,0.03,0.27,2.83,0.23,0.2,Reverse Holofoil,046/084,Common,Fighting,70.0,Basic,"[C] Call for Family<br> Search your deck for up to 2 Basic Pokémon and put them onto your Bench. Then, shuffle your deck.",[CCC] Dig Claws (50),Gx2,2.0,
704804,Koraidon,Koraidon,https://tcgplayer-cdn.tcgplayer.com/product/704804_200w.jpg,3,24688,https://cpt.tcgcsv.com/6XF7,2026-07-17T04:10:35.46,1,,,0.01,0.15,1.65,0.1,0.05,Holofoil,047/084,Rare,Fighting,130.0,Basic,"[F] Battle Claw (30+)<br> If your opponent's Active Pokémon is an Evolution Pokémon, this attack does 30 more damage.",[FFC] Gaia Impact (190)<br>Discard all Energy from this Pokémon.,Px2,2.0,
704804,Koraidon,Koraidon,https://tcgplayer-cdn.tcgplayer.com/product/704804_200w.jpg,3,24688,https://cpt.tcgcsv.com/6XF7,2026-07-17T04:10:35.46,1,,,0.01,0.25,1.69,0.19,0.15,Reverse Holofoil,047/084,Rare,Fighting,130.0,Basic,"[F] Battle Claw (30+)<br> If your opponent's Active Pokémon is an Evolution Pokémon, this attack does 30 more damage.",[FFC] Gaia Impact (190)<br>Discard all Energy from this Pokémon.,Px2,2.0,
704805,Mega Darkrai ex - 048/084,Mega Darkrai ex 048 084,https://tcgplayer-cdn.tcgplayer.com/product/704805_200w.jpg,3,24688,https://cpt.tcgcsv.com/7XF7,2026-07-17T04:10:35.46,1,,,0.49,1.49,55.0,1.21,,Holofoil,048/084,Double Rare,Darkness,280.0,Basic,"[DD] Dusk Raid (110+)<br> If your Benched Pokémon have any damage counters on them, this attack does 110 more damage.","[DDD] Abyss Eye<br>If your opponent's Active Pokémon is affected by a Special Condition, it is Knocked Out.",Gx2,2.0,
704806,Vullaby,Vullaby,https://tcgplayer-cdn.tcgplayer.com/product/704806_200w.jpg,3,24688,https://cpt.tcgcsv.com/8XF7,2026-07-17T04:10:35.46,1,,,0.01,0.15,1.95,0.07,0.04,Normal,049/084,Common,Darkness,70.0,Basic,[D] Flap (10),[DC] Gust (20),Lx2,1.0,F-30
704806,Vullaby,Vullaby,https://tcgplayer-cdn.tcgplayer.com/product/704806_200w.jpg,3,24688,https://cpt.tcgcsv.com/8XF7,2026-07-17T04:10:35.46,1,,,0.01,0.16,1.52,0.13,0.1,Reverse Holofoil,049/084,Common,Darkness,70.0,Basic,[D] Flap (10),[DC] Gust (20),Lx2,1.0,F-30
704807,Mandibuzz,Mandibuzz,https://tcgplayer-cdn.tcgplayer.com/product/704807_200w.jpg,3,24688,https://cpt.tcgcsv.com/9XF7,2026-07-17T04:10:35.46,1,,,0.01,0.18,4.0,0.15,0.1,Reverse Holofoil,050/084,Common,Darkness,120.0,Stage 1,[D] Bone Sniper<br> This attack does 70 damage to 1 of your opponent's Pokémon that has any Special Energy attached. <em>(Don't apply Weakness and Resistance for Benched Pokémon.)</em>,[DDC] Blasting Wind (120),Lx2,2.0,F-30
704807,Mandibuzz,Mandibuzz,https://tcgplayer-cdn.tcgplayer.com/product/704807_200w.jpg,3,24688,https://cpt.tcgcsv.com/9XF7,2026-07-17T04:10:35.46,1,,,0.01,0.15,1.65,0.07,0.02,Normal,050/084,Common,Darkness,120.0,Stage 1,[D] Bone Sniper<br> This attack does 70 damage to 1 of your opponent's Pokémon that has any Special Energy attached. <em>(Don't apply Weakness and Resistance for Benched Pokémon.)</em>,[DDC] Blasting Wind (120),Lx2,2.0,F-30
704808,Inkay,Inkay,https://tcgplayer-cdn.tcgplayer.com/product/704808_200w.jpg,3,24688,https://cpt.tcgcsv.com/bXF7,2026-07-17T04:10:35.46,1,,,0.01,0.2,1.65,0.14,0.1,Reverse Holofoil,051/084,Common,Darkness,60.0,Basic,"[D] Procurement<br> Search your deck for an Item card, reveal it, and put it into your hand. Then, shuffle your deck.",[DD] Spinning Attack (30),Gx2,1.0,
704808,Inkay,Inkay,https://tcgplayer-cdn.tcgplayer.com/product/704808_200w.jpg,3,24688,https://cpt.tcgcsv.com/bXF7,2026-07-17T04:10:35.46,1,,,0.01,0.15,1.65,0.04,0.02,Normal,051/084,Common,Darkness,60.0,Basic,"[D] Procurement<br> Search your deck for an Item card, reveal it, and put it into your hand. Then, shuffle your deck.",[DD] Spinning Attack (30),Gx2,1.0,
704809,Malamar,Malamar,https://tcgplayer-cdn.tcgplayer.com/product/704809_200w.jpg,3,24688,https://cpt.tcgcsv.com/cXF7,2026-07-17T04:10:35.46,1,,,0.01,0.15,1.65,0.08,0.05,Normal,052/084,Uncommon,Darkness,120.0,Stage 1,[D] Perplex<br> Your opponent's Active Pokémon is now Confused.,"[D] Brain Crush (130)<br>If your opponent's Active Pokémon isn't Confused, this attack does nothing.",Gx2,2.0,
704809,Malamar,Malamar,https://tcgplayer-cdn.tcgplayer.com/product/704809_200w.jpg,3,24688,https://cpt.tcgcsv.com/cXF7,2026-07-17T04:10:35.46,1,,,0.03,0.2,1.67,0.17,0.1,Reverse Holofoil,052/084,Uncommon,Darkness,120.0,Stage 1,[D] Perplex<br> Your opponent's Active Pokémon is now Confused.,"[D] Brain Crush (130)<br>If your opponent's Active Pokémon isn't Confused, this attack does nothing.",Gx2,2.0,
704810,Nickit,Nickit,https://tcgplayer-cdn.tcgplayer.com/product/704810_200w.jpg,3,24688,https://cpt.tcgcsv.com/dXF7,2026-07-17T04:10:35.46,1,,,0.01,0.14,1.65,0.09,0.02,Normal,053/084,Common,Darkness,70.0,Basic,[D] Gnaw (10),[DC] Rear Kick (30),Gx2,1.0,
704810,Nickit,Nickit,https://tcgplayer-cdn.tcgplayer.com/product/704810_200w.jpg,3,24688,https://cpt.tcgcsv.com/dXF7,2026-07-17T04:10:35.46,1,,,0.01,0.18,4.0,0.16,0.08,Reverse Holofoil,053/084,Common,Darkness,70.0,Basic,[D] Gnaw (10),[DC] Rear Kick (30),Gx2,1.0,
704811,Thievul - 054/084,Thievul 054 084,https://tcgplayer-cdn.tcgplayer.com/product/704811_200w.jpg,3,24688,https://cpt.tcgcsv.com/fXF7,2026-07-17T04:10:35.46,1,,,0.01,0.13,5.0,0.04,0.02,Normal,054/084,Uncommon,Darkness,100.0,Stage 1,"[CC] Skill Thief<br> If you have no cards in your hand, choose an attack from 1 of your opponent's Pokémon in play and use it as this attack.",[DCC] Sharp Fang (80),Gx2,1.0,
704811,Thievul - 054/084,Thievul 054 084,https://tcgplayer-cdn.tcgplayer.com/product/704811_200w.jpg,3,24688,https://cpt.tcgcsv.com/fXF7,2026-07-17T04:10:35.46,1,,,0.01,0.19,1.53,0.15,0.1,Reverse Holofoil,054/084,Uncommon,Darkness,100.0,Stage 1,"[CC] Skill Thief<br> If you have no cards in your hand, choose an attack from 1 of your opponent's Pokémon in play and use it as this attack.",[DCC] Sharp Fang (80),Gx2,1.0,
704812,Morpeko ex - 055/084,Morpeko ex 055 084,https://tcgplayer-cdn.tcgplayer.com/product/704812_200w.jpg,3,24688,https://cpt.tcgcsv.com/gXF7,2026-07-17T04:10:35.46,1,,,0.1,0.65,19.9,0.63,0.63,Holofoil,055/084,Double Rare,Darkness,180.0,Basic,"[D] Wheely Draw<br> Shuffle your hand into your deck. Then, draw 6 cards.",[DD] Hangry Blaster (40+)<br>This attack does 40 more damage for each damage counter on this Pokémon.,Gx2,1.0,
704813,Zarude,Zarude,https://tcgplayer-cdn.tcgplayer.com/product/704813_200w.jpg,3,24688,https://cpt.tcgcsv.com/hXF7,2026-07-17T04:10:35.46,1,,,0.01,0.21,5.0,0.18,0.17,Reverse Holofoil,056/084,Rare,Darkness,130.0,Basic,[D] Overhead Throw (30)<br> This attack also does 30 damage to 1 of your Benched Pokémon. <em>(Don't apply Weakness and Resistance for Benched Pokémon.)</em>,"[DDD] Shadowy Whip (100+)<br>If your Benched Pokémon have any Shadowy Darkness Energy attached, this attack does 70 more damage.",Gx2,2.0,
704813,Zarude,Zarude,https://tcgplayer-cdn.tcgplayer.com/product/704813_200w.jpg,3,24688,https://cpt.tcgcsv.com/hXF7,2026-07-17T04:10:35.46,1,,,0.01,0.15,2.49,0.1,0.07,Holofoil,056/084,Rare,Darkness,130.0,Basic,[D] Overhead Throw (30)<br> This attack also does 30 damage to 1 of your Benched Pokémon. <em>(Don't apply Weakness and Resistance for Benched Pokémon.)</em>,"[DDD] Shadowy Whip (100+)<br>If your Benched Pokémon have any Shadowy Darkness Energy attached, this attack does 70 more damage.",Gx2,2.0,
704814,Maschiff,Maschiff,https://tcgplayer-cdn.tcgplayer.com/product/704814_200w.jpg,3,24688,https://cpt.tcgcsv.com/jXF7,2026-07-17T04:10:35.46,1,,,0.01,0.14,4.0,0.06,0.03,Normal,057/084,Common,Darkness,70.0,Basic,[DD] Bite (40),,Gx2,2.0,
704814,Maschiff,Maschiff,https://tcgplayer-cdn.tcgplayer.com/product/704814_200w.jpg,3,24688,https://cpt.tcgcsv.com/jXF7,2026-07-17T04:10:35.46,1,,,0.01,0.2,1.53,0.16,0.1,Reverse Holofoil,057/084,Common,Darkness,70.0,Basic,[DD] Bite (40),,Gx2,2.0,
704815,Mabosstiff,Mabosstiff,https://tcgplayer-cdn.tcgplayer.com/product/704815_200w.jpg,3,24688,https://cpt.tcgcsv.com/kXF7,2026-07-17T04:10:35.46,1,,,0.01,0.22,4.0,0.2,0.13,Reverse Holofoil,058/084,Common,Darkness,140.0,Stage 1,[DD] Bite (60),"[DDD] Plunging Headbutt (210)<br>During your opponent's next turn, this Pokémon takes 100 more damage from attacks <em>(after applying Weakness and Resistance)</em>.",Gx2,3.0,
704815,Mabosstiff,Mabosstiff,https://tcgplayer-cdn.tcgplayer.com/product/704815_200w.jpg,3,24688,https://cpt.tcgcsv.com/kXF7,2026-07-17T04:10:35.46,1,,,0.01,0.14,1.65,0.06,0.03,Normal,058/084,Common,Darkness,140.0,Stage 1,[DD] Bite (60),"[DDD] Plunging Headbutt (210)<br>During your opponent's next turn, this Pokémon takes 100 more damage from attacks <em>(after applying Weakness and Resistance)</em>.",Gx2,3.0,
704816,Chi-Yu,Chi Yu,https://tcgplayer-cdn.tcgplayer.com/product/704816_200w.jpg,3,24688,https://cpt.tcgcsv.com/lXF7,2026-07-17T04:10:35.46,1,,,0.08,0.25,1.54,0.21,0.15,Reverse Holofoil,059/084,Rare,Darkness,90.0,Basic,"[D] Whirling Envy (20+)<br> If this Pokémon has 2 or more damage counters on it, this attack does 90 more damage. This attack's damage isn't affected by Weakness.",,Gx2,1.0,
704816,Chi-Yu,Chi Yu,https://tcgplayer-cdn.tcgplayer.com/product/704816_200w.jpg,3,24688,https://cpt.tcgcsv.com/lXF7,2026-07-17T04:10:35.46,1,,,0.01,0.18,2.49,0.16,0.1,Holofoil,059/084,Rare,Darkness,90.0,Basic,"[D] Whirling Envy (20+)<br> If this Pokémon has 2 or more damage counters on it, this attack does 90 more damage. This attack's damage isn't affected by Weakness.",,Gx2,1.0,
704817,Skarmory,Skarmory,https://tcgplayer-cdn.tcgplayer.com/product/704817_200w.jpg,3,24688,https://cpt.tcgcsv.com/mXF7,2026-07-17T04:10:35.46,1,,,0.01,0.15,1.65,0.06,0.05,Normal,060/084,Common,Metal,120.0,Basic,"[M] Steel Cutter (40x)<br> Discard up to 2 Basic Metal Energy cards from your hand, and this attack does 40 damage for each card you discarded in this way.",,Lx2,1.0,F-30
704817,Skarmory,Skarmory,https://tcgplayer-cdn.tcgplayer.com/product/704817_200w.jpg,3,24688,https://cpt.tcgcsv.com/mXF7,2026-07-17T04:10:35.46,1,,,0.01,0.2,2.0,0.15,0.1,Reverse Holofoil,060/084,Common,Metal,120.0,Basic,"[M] Steel Cutter (40x)<br> Discard up to 2 Basic Metal Energy cards from your hand, and this attack does 40 damage for each card you discarded in this way.",,Lx2,1.0,F-30
704818,Shieldon,Shieldon,https://tcgplayer-cdn.tcgplayer.com/product/704818_200w.jpg,3,24688,https://cpt.tcgcsv.com/nXF7,2026-07-17T12:59:46.443,1,,,0.01,0.15,1.65,0.09,0.05,Normal,061/084,Common,Metal,100.0,Stage 1,[MC] Smithereen Smash (50)<br> Discard an Energy from your opponent's Active Pokémon.,,Rx2,3.0,G-30
704818,Shieldon,Shieldon,https://tcgplayer-cdn.tcgplayer.com/product/704818_200w.jpg,3,24688,https://cpt.tcgcsv.com/nXF7,2026-07-17T12:59:46.443,1,,,0.01,0.2,1.65,0.17,0.12,Reverse Holofoil,061/084,Common,Metal,100.0,Stage 1,[MC] Smithereen Smash (50)<br> Discard an Energy from your opponent's Active Pokémon.,,Rx2,3.0,G-30
704819,Bastiodon - 062/084,Bastiodon 062 084,https://tcgplayer-cdn.tcgplayer.com/product/704819_200w.jpg,3,24688,https://cpt.tcgcsv.com/pXF7,2026-07-17T04:10:35.46,1,"<strong>Ability: Ancient Bulwark</strong> As long as this Pokémon is on your Bench, prevent all damage done to each of your Pokémon by attacks from your opponent's Pokémon that have 2 or less Energy attached.",,0.05,0.32,2.59,0.18,0.15,Reverse Holofoil,062/084,Rare,Metal,160.0,Stage 2,[MMC] Hammer In (160),,Rx2,4.0,G-30
704819,Bastiodon - 062/084,Bastiodon 062 084,https://tcgplayer-cdn.tcgplayer.com/product/704819_200w.jpg,3,24688,https://cpt.tcgcsv.com/pXF7,2026-07-17T04:10:35.46,1,"<strong>Ability: Ancient Bulwark</strong> As long as this Pokémon is on your Bench, prevent all damage done to each of your Pokémon by attacks from your opponent's Pokémon that have 2 or less Energy attached.",,0.01,0.2,2.48,0.16,0.12,Holofoil,062/084,Rare,Metal,160.0,Stage 2,[MMC] Hammer In (160),,Rx2,4.0,G-30
704820,Bronzor,Bronzor,https://tcgplayer-cdn.tcgplayer.com/product/704820_200w.jpg,3,24688,https://cpt.tcgcsv.com/qXF7,2026-07-17T04:10:35.46,1,,,0.01,0.17,1.65,0.12,0.05,Reverse Holofoil,063/084,Common,Metal,80.0,Basic,"[M] Mirror Attack (10+)<br> If your opponent's Active Pokémon is a Metal Pokémon, this attack does 30 more damage.",,Rx2,3.0,G-30
704820,Bronzor,Bronzor,https://tcgplayer-cdn.tcgplayer.com/product/704820_200w.jpg,3,24688,https://cpt.tcgcsv.com/qXF7,2026-07-17T04:10:35.46,1,,,0.01,0.13,1.95,0.05,0.02,Normal,063/084,Common,Metal,80.0,Basic,"[M] Mirror Attack (10+)<br> If your opponent's Active Pokémon is a Metal Pokémon, this attack does 30 more damage.",,Rx2,3.0,G-30
704821,Bronzong,Bronzong,https://tcgplayer-cdn.tcgplayer.com/product/704821_200w.jpg,3,24688,https://cpt.tcgcsv.com/rXF7,2026-07-17T04:10:35.46,1,,,0.01,0.14,1.65,0.06,0.05,Normal,064/084,Uncommon,Metal,130.0,Stage 1,[M] Gentle Slap (40),"[MMC] Metal Block (120)<br>During your opponent's next turn, this Pokémon takes 100 less damage from attacks from Evolution Pokémon <em>(after applying Weakness and Resistance)</em>.",Rx2,3.0,G-30
704821,Bronzong,Bronzong,https://tcgplayer-cdn.tcgplayer.com/product/704821_200w.jpg,3,24688,https://cpt.tcgcsv.com/rXF7,2026-07-17T04:10:35.46,1,,,0.01,0.18,4.0,0.14,0.08,Reverse Holofoil,064/084,Uncommon,Metal,130.0,Stage 1,[M] Gentle Slap (40),"[MMC] Metal Block (120)<br>During your opponent's next turn, this Pokémon takes 100 less damage from attacks from Evolution Pokémon <em>(after applying Weakness and Resistance)</em>.",Rx2,3.0,G-30
704822,Mega Excadrill ex - 065/084,Mega Excadrill ex 065 084,https://tcgplayer-cdn.tcgplayer.com/product/704822_200w.jpg,3,24688,https://cpt.tcgcsv.com/sXF7,2026-07-17T04:10:35.46,1,,,0.5,1.63,24.94,1.78,1.78,Holofoil,065/084,Double Rare,Metal,340.0,Stage 1,[MM] Undermine (90)<br> Discard the top 2 cards of your opponent's deck.,"[MMM] Maximum Drilling (200+)<br>If this Pokémon has at least 2 extra Energy attached <em>(in addition to this attack's cost)</em>, this attack does 130 more damage.",Rx2,4.0,G-30
704823,Pikipek,Pikipek,https://tcgplayer-cdn.tcgplayer.com/product/704823_200w.jpg,3,24688,https://cpt.tcgcsv.com/tXF7,2026-07-17T04:10:35.46,1,,,0.01,0.15,1.65,0.08,0.05,Normal,066/084,Common,Colorless,70.0,Basic,[C] Double Stab (10x)<br> Flip 2 coins. This attack does 10 damage for each heads.,,Lx2,1.0,F-30
704823,Pikipek,Pikipek,https://tcgplayer-cdn.tcgplayer.com/product/704823_200w.jpg,3,24688,https://cpt.tcgcsv.com/tXF7,2026-07-17T04:10:35.46,1,,,0.01,0.24,2.14,0.23,0.15,Reverse Holofoil,066/084,Common,Colorless,70.0,Basic,[C] Double Stab (10x)<br> Flip 2 coins. This attack does 10 damage for each heads.,,Lx2,1.0,F-30
704824,Trumbeak,Trumbeak,https://tcgplayer-cdn.tcgplayer.com/product/704824_200w.jpg,3,24688,https://cpt.tcgcsv.com/vXF7,2026-07-17T04:10:35.46,1,,,0.01,0.15,1.95,0.09,0.05,Normal,067/084,Common,Colorless,90.0,Stage 1,"[C] Fly (30)<br> Flip a coin. If tails, this attack does nothing. If heads, during your opponent's next turn, prevent all damage from and effects of attacks done to this Pokémon.",,Lx2,1.0,F-30
704824,Trumbeak,Trumbeak,https://tcgplayer-cdn.tcgplayer.com/product/704824_200w.jpg,3,24688,https://cpt.tcgcsv.com/vXF7,2026-07-17T04:10:35.46,1,,,0.02,0.24,45.0,0.24,0.2,Reverse Holofoil,067/084,Common,Colorless,90.0,Stage 1,"[C] Fly (30)<br> Flip a coin. If tails, this attack does nothing. If heads, during your opponent's next turn, prevent all damage from and effects of attacks done to this Pokémon.",,Lx2,1.0,F-30
704825,Toucannon - 068/084,Toucannon 068 084,https://tcgplayer-cdn.tcgplayer.com/product/704825_200w.jpg,3,24688,https://cpt.tcgcsv.com/wXF7,2026-07-17T04:10:35.46,1,"<strong>Ability: Aerial Draw</strong> Once during your turn, you may use this Ability. Draw a card.",,0.03,0.25,1.68,0.23,0.15,Reverse Holofoil,068/084,Uncommon,Colorless,150.0,Stage 2,[C] Feather Rondo (60+)<br> This attack does 20 more damage for each Benched Pokémon <em>(both yours and your opponent's)</em>.,,Lx2,2.0,F-30
704825,Toucannon - 068/084,Toucannon 068 084,https://tcgplayer-cdn.tcgplayer.com/product/704825_200w.jpg,3,24688,https://cpt.tcgcsv.com/wXF7,2026-07-17T04:10:35.46,1,"<strong>Ability: Aerial Draw</strong> Once during your turn, you may use this Ability. Draw a card.",,0.01,0.16,1.65,0.13,0.05,Normal,068/084,Uncommon,Colorless,150.0,Stage 2,[C] Feather Rondo (60+)<br> This attack does 20 more damage for each Benched Pokémon <em>(both yours and your opponent's)</em>.,,Lx2,2.0,F-30
704826,Type: Null,Type Null,https://tcgplayer-cdn.tcgplayer.com/product/704826_200w.jpg,3,24688,https://cpt.tcgcsv.com/xXF7,2026-07-17T04:10:35.46,1,,,0.01,0.15,1.65,0.12,0.05,Normal,069/084,Common,Colorless,110.0,Basic,[CC] Power Edge (40),,Fx2,2.0,
704826,Type: Null,Type Null,https://tcgplayer-cdn.tcgplayer.com/product/704826_200w.jpg,3,24688,https://cpt.tcgcsv.com/xXF7,2026-07-17T04:10:35.46,1,,,0.01,0.15,100.0,0.12,0.1,Reverse Holofoil,069/084,Common,Colorless,110.0,Basic,[CC] Power Edge (40),,Fx2,2.0,
704827,Silvally - 070/084,Silvally 070 084,https://tcgplayer-cdn.tcgplayer.com/product/704827_200w.jpg,3,24688,https://cpt.tcgcsv.com/zXF7,2026-07-17T04:10:35.46,1,"<strong>Ability: Call a Buddy</strong> Once during your turn, if you have no cards in your hand, you may use this Ability. Search your deck for a Supporter card, reveal it, and put it into your hand. Then, shuffle your deck.",,0.01,0.19,1.65,0.19,0.14,Holofoil,070/084,Rare,Colorless,140.0,Stage 1,[CCC] Air Slash (130)<br> Discard an Energy from this Pokémon.,,Fx2,2.0,
704827,Silvally - 070/084,Silvally 070 084,https://tcgplayer-cdn.tcgplayer.com/product/704827_200w.jpg,3,24688,https://cpt.tcgcsv.com/zXF7,2026-07-17T04:10:35.46,1,"<strong>Ability: Call a Buddy</strong> Once during your turn, if you have no cards in your hand, you may use this Ability. Search your deck for a Supporter card, reveal it, and put it into your hand. Then, shuffle your deck.",,0.05,0.25,2.49,0.23,0.15,Reverse Holofoil,070/084,Rare,Colorless,140.0,Stage 1,[CCC] Air Slash (130)<br> Discard an Energy from this Pokémon.,,Fx2,2.0,
704828,Bombirdier,Bombirdier,https://tcgplayer-cdn.tcgplayer.com/product/704828_200w.jpg,3,24688,https://cpt.tcgcsv.com/BXF7,2026-07-17T04:10:35.46,1,,,0.01,0.15,5.0,0.12,0.05,Reverse Holofoil,071/084,Common,Colorless,100.0,Basic,"[CC] Challenging Delivery<br> Flip 2 coins. If both of them are heads, search your deck for a Pokémon and put it onto your Bench. Then, shuffle your deck.",[CCC] Speed Wing (100),Lx2,1.0,F-30
704828,Bombirdier,Bombirdier,https://tcgplayer-cdn.tcgplayer.com/product/704828_200w.jpg,3,24688,https://cpt.tcgcsv.com/BXF7,2026-07-17T04:10:35.46,1,,,0.01,0.15,1.65,0.04,0.02,Normal,071/084,Common,Colorless,100.0,Basic,"[CC] Challenging Delivery<br> Flip 2 coins. If both of them are heads, search your deck for a Pokémon and put it onto your Bench. Then, shuffle your deck.",[CCC] Speed Wing (100),Lx2,1.0,F-30
704829,Antique Armor Fossil,Antique Armor Fossil,https://tcgplayer-cdn.tcgplayer.com/product/704829_200w.jpg,3,24688,https://cpt.tcgcsv.com/CXF7,2026-07-17T04:10:35.46,1,"Play this card as if it were a 60-HP Basic Colorless Pokémon. This card can't be affected by any Special Conditions and can't retreat. At any time during your turn, you may discard this card from play.
<br><br><strong>Ability: Protective Armor</strong>
<br>As long as this Pokémon is in the Active Spot, all of your Pokémon take 10 less damage from attacks from your opponent's Pokémon <em>(after applying Weakness and Resistance)</em>.",,0.01,0.23,1.65,0.19,0.15,Reverse Holofoil,072/084,Common,Trainer - Item,60.0,,,,,,
704829,Antique Armor Fossil,Antique Armor Fossil,https://tcgplayer-cdn.tcgplayer.com/product/704829_200w.jpg,3,24688,https://cpt.tcgcsv.com/CXF7,2026-07-17T04:10:35.46,1,"Play this card as if it were a 60-HP Basic Colorless Pokémon. This card can't be affected by any Special Conditions and can't retreat. At any time during your turn, you may discard this card from play.
<br><br><strong>Ability: Protective Armor</strong>
<br>As long as this Pokémon is in the Active Spot, all of your Pokémon take 10 less damage from attacks from your opponent's Pokémon <em>(after applying Weakness and Resistance)</em>.",,0.01,0.15,1.65,0.1,0.05,Normal,072/084,Common,Trainer - Item,60.0,,,,,,
704830,Antique Skull Fossil,Antique Skull Fossil,https://tcgplayer-cdn.tcgplayer.com/product/704830_200w.jpg,3,24688,https://cpt.tcgcsv.com/DXF7,2026-07-17T04:10:35.46,1,"Play this card as if it were a 60-HP Basic Colorless Pokémon. This card can't be affected by any Special Conditions and can't retreat. At any time during your turn, you may discard this card from play.
<br><br><strong>Ability: Spiny Skull</strong>
<br>As long as this Pokémon is in the Active Spot and is damaged by an attack from your opponent's Pokémon <em>(even if this Pokémon is Knocked Out)</em>, place 3 damage counters on the Attacking Pokémon.",,0.01,0.2,2.0,0.15,0.1,Reverse Holofoil,073/084,Common,Trainer - Item,60.0,,,,,,
704830,Antique Skull Fossil,Antique Skull Fossil,https://tcgplayer-cdn.tcgplayer.com/product/704830_200w.jpg,3,24688,https://cpt.tcgcsv.com/DXF7,2026-07-17T04:10:35.46,1,"Play this card as if it were a 60-HP Basic Colorless Pokémon. This card can't be affected by any Special Conditions and can't retreat. At any time during your turn, you may discard this card from play.
<br><br><strong>Ability: Spiny Skull</strong>
<br>As long as this Pokémon is in the Active Spot and is damaged by an attack from your opponent's Pokémon <em>(even if this Pokémon is Knocked Out)</em>, place 3 damage counters on the Attacking Pokémon.",,0.01,0.15,1.95,0.11,0.05,Normal,073/084,Common,Trainer - Item,60.0,,,,,,
704831,Backtrack Badge,Backtrack Badge,https://tcgplayer-cdn.tcgplayer.com/product/704831_200w.jpg,3,24688,https://cpt.tcgcsv.com/FXF7,2026-07-17T04:10:35.46,1,"Once during your turn, after you flip any coins for an attack of the Colorless Pokémon this card is attached to, you may ignore all results of those coin flips and begin flipping those coins again.",,0.01,0.15,1.53,0.06,0.05,Normal,074/084,Uncommon,Trainer - Pokemon Tool,,,,,,,
704831,Backtrack Badge,Backtrack Badge,https://tcgplayer-cdn.tcgplayer.com/product/704831_200w.jpg,3,24688,https://cpt.tcgcsv.com/FXF7,2026-07-17T04:10:35.46,1,"Once during your turn, after you flip any coins for an attack of the Colorless Pokémon this card is attached to, you may ignore all results of those coin flips and begin flipping those coins again.",,0.01,0.2,3.0,0.18,0.15,Reverse Holofoil,074/084,Uncommon,Trainer - Pokemon Tool,,,,,,,
704832,Dark Bell - 075/084,Dark Bell 075 084,https://tcgplayer-cdn.tcgplayer.com/product/704832_200w.jpg,3,24688,https://cpt.tcgcsv.com/GXF7,2026-07-17T04:10:35.46,1,Both Active non-Darkness Pokémon are now Confused.,,0.02,0.23,1.59,0.2,0.15,Reverse Holofoil,075/084,Uncommon,Trainer - Item,,,,,,,
704832,Dark Bell - 075/084,Dark Bell 075 084,https://tcgplayer-cdn.tcgplayer.com/product/704832_200w.jpg,3,24688,https://cpt.tcgcsv.com/GXF7,2026-07-17T04:10:35.46,1,Both Active non-Darkness Pokémon are now Confused.,,0.01,0.16,1.99,0.14,0.1,Normal,075/084,Uncommon,Trainer - Item,,,,,,,
704833,Fossil Quarry,Fossil Quarry,https://tcgplayer-cdn.tcgplayer.com/product/704833_200w.jpg,3,24688,https://cpt.tcgcsv.com/HXF7,2026-07-17T04:10:35.46,1,"Once during each player's turn, that player may search their deck for up to 2 Item cards that have ""Antique"" in their name and put them onto their Bench. Then, that player shuffles their deck.",,0.01,0.15,1.53,0.11,0.05,Normal,076/084,Uncommon,Trainer - Stadium,,,,,,,
704833,Fossil Quarry,Fossil Quarry,https://tcgplayer-cdn.tcgplayer.com/product/704833_200w.jpg,3,24688,https://cpt.tcgcsv.com/HXF7,2026-07-17T04:10:35.46,1,"Once during each player's turn, that player may search their deck for up to 2 Item cards that have ""Antique"" in their name and put them onto their Bench. Then, that player shuffles their deck.",,0.05,0.25,59.0,0.21,0.15,Reverse Holofoil,076/084,Uncommon,Trainer - Stadium,,,,,,,
704834,Gladion's Final Battle - 077/084,Gladions Final Battle 077 084,https://tcgplayer-cdn.tcgplayer.com/product/704834_200w.jpg,3,24688,https://cpt.tcgcsv.com/JXF7,2026-07-17T04:10:35.46,1,"You can use this card only when it is the last card in your hand.<br>During this turn, attacks used by your Pokémon that don't have a Rule Box do 80 more damage to your opponent's Active Pokémon <em>(before applying Weakness and Resistance)</em>. <em>(Pokémon ex, Pokémon V, etc. have Rule Boxes.)</em>",,0.01,0.23,3.98,0.17,0.12,Reverse Holofoil,077/084,Uncommon,Trainer - Supporter,,,,,,,
704834,Gladion's Final Battle - 077/084,Gladions Final Battle 077 084,https://tcgplayer-cdn.tcgplayer.com/product/704834_200w.jpg,3,24688,https://cpt.tcgcsv.com/JXF7,2026-07-17T04:10:35.46,1,"You can use this card only when it is the last card in your hand.<br>During this turn, attacks used by your Pokémon that don't have a Rule Box do 80 more damage to your opponent's Active Pokémon <em>(before applying Weakness and Resistance)</em>. <em>(Pokémon ex, Pokémon V, etc. have Rule Boxes.)</em>",,0.01,0.15,2.0,0.09,0.05,Normal,077/084,Uncommon,Trainer - Supporter,,,,,,,
704835,Gwynn - 078/084,Gwynn 078 084,https://tcgplayer-cdn.tcgplayer.com/product/704835_200w.jpg,3,24688,https://cpt.tcgcsv.com/KXF7,2026-07-17T04:10:35.46,1,"Discard up to 2 Pokémon that don't have a Rule Box from your hand, and draw 3 cards for each card you discarded in this way. <em>(Pokémon ex, Pokémon V, etc. have Rule Boxes.)</em>",,0.01,0.2,3.86,0.21,0.05,Normal,078/084,Uncommon,Trainer - Supporter,,,,,,,
704835,Gwynn - 078/084,Gwynn 078 084,https://tcgplayer-cdn.tcgplayer.com/product/704835_200w.jpg,3,24688,https://cpt.tcgcsv.com/KXF7,2026-07-17T04:10:35.46,1,"Discard up to 2 Pokémon that don't have a Rule Box from your hand, and draw 3 cards for each card you discarded in this way. <em>(Pokémon ex, Pokémon V, etc. have Rule Boxes.)</em>",,0.01,0.35,4.99,0.45,0.35,Reverse Holofoil,078/084,Uncommon,Trainer - Supporter,,,,,,,
704836,Jett,Jett,https://tcgplayer-cdn.tcgplayer.com/product/704836_200w.jpg,3,24688,https://cpt.tcgcsv.com/LXF7,2026-07-17T04:10:35.46,1,Draw a card for each of your opponent's Mega Evolution Pokémon ex in play.,,0.01,0.18,1.65,0.17,0.12,Reverse Holofoil,079/084,Uncommon,Trainer - Supporter,,,,,,,
704836,Jett,Jett,https://tcgplayer-cdn.tcgplayer.com/product/704836_200w.jpg,3,24688,https://cpt.tcgcsv.com/LXF7,2026-07-17T04:10:35.46,1,Draw a card for each of your opponent's Mega Evolution Pokémon ex in play.,,0.01,0.12,1.95,0.05,0.02,Normal,079/084,Uncommon,Trainer - Supporter,,,,,,,
704837,Misty's Vitality - 080/084,Mistys Vitality 080 084,https://tcgplayer-cdn.tcgplayer.com/product/704837_200w.jpg,3,24688,https://cpt.tcgcsv.com/MXF7,2026-07-17T04:10:35.46,1,"Search your deck for up to 4 Basic Water Energy cards and attach them to 1 of your Pokémon. Then, shuffle your deck. Your turn ends.",,0.01,0.15,3.22,0.11,0.05,Normal,080/084,Uncommon,Trainer - Supporter,,,,,,,
704837,Misty's Vitality - 080/084,Mistys Vitality 080 084,https://tcgplayer-cdn.tcgplayer.com/product/704837_200w.jpg,3,24688,https://cpt.tcgcsv.com/MXF7,2026-07-17T04:10:35.46,1,"Search your deck for up to 4 Basic Water Energy cards and attach them to 1 of your Pokémon. Then, shuffle your deck. Your turn ends.",,0.01,0.25,4.99,0.22,0.2,Reverse Holofoil,080/084,Uncommon,Trainer - Supporter,,,,,,,
704838,Rust Syndicate Grunt - 081/084,Rust Syndicate Grunt 081 084,https://tcgplayer-cdn.tcgplayer.com/product/704838_200w.jpg,3,24688,https://cpt.tcgcsv.com/NXF7,2026-07-17T04:10:35.46,1,You can use this card only if any of your Pokémon were Knocked Out during your opponent's last turn.<br>Discard an Energy from 1 of your opponent's Pokémon.,,0.01,0.2,4.99,0.16,0.1,Reverse Holofoil,081/084,Uncommon,Trainer - Supporter,,,,,,,
704838,Rust Syndicate Grunt - 081/084,Rust Syndicate Grunt 081 084,https://tcgplayer-cdn.tcgplayer.com/product/704838_200w.jpg,3,24688,https://cpt.tcgcsv.com/NXF7,2026-07-17T04:10:35.46,1,You can use this card only if any of your Pokémon were Knocked Out during your opponent's last turn.<br>Discard an Energy from 1 of your opponent's Pokémon.,,0.01,0.15,2.2,0.05,0.05,Normal,081/084,Uncommon,Trainer - Supporter,,,,,,,
704839,Tremendous Bomb - 082/084,Tremendous Bomb 082 084,https://tcgplayer-cdn.tcgplayer.com/product/704839_200w.jpg,3,24688,https://cpt.tcgcsv.com/PXF7,2026-07-17T04:10:35.46,1,"If the Pokémon this card is attached to isn't a Mega Evolution Pokémon ex, is in the Active Spot, and takes 240 or more damage from an attack from your opponent's Mega Evolution Pokémon ex <em>(even if this Pokémon is Knocked Out)</em>, place 12 damage counters on the Attacking Pokémon. If you placed any damage counters in this way, discard this card.",,0.01,0.2,4.99,0.14,0.1,Reverse Holofoil,082/084,Uncommon,Trainer - Pokemon Tool,,,,,,,
704839,Tremendous Bomb - 082/084,Tremendous Bomb 082 084,https://tcgplayer-cdn.tcgplayer.com/product/704839_200w.jpg,3,24688,https://cpt.tcgcsv.com/PXF7,2026-07-17T04:10:35.46,1,"If the Pokémon this card is attached to isn't a Mega Evolution Pokémon ex, is in the Active Spot, and takes 240 or more damage from an attack from your opponent's Mega Evolution Pokémon ex <em>(even if this Pokémon is Knocked Out)</em>, place 12 damage counters on the Attacking Pokémon. If you placed any damage counters in this way, discard this card.",,0.01,0.15,15.0,0.06,0.02,Normal,082/084,Uncommon,Trainer - Pokemon Tool,,,,,,,
704840,Shadowy Darkness Energy,Shadowy Darkness Energy,https://tcgplayer-cdn.tcgplayer.com/product/704840_200w.jpg,3,24688,https://cpt.tcgcsv.com/QXF7,2026-07-17T04:10:35.46,1,"As long as this card is attached to a Pokémon, it provides [D] Energy.<br>As long as the [D] Pokémon this card is attached to is on your Bench, prevent all damage done to it by attacks from your opponent's Pokémon.",,0.01,0.25,4.99,0.22,0.25,Reverse Holofoil,083/084,Rare,Special Energy,,,,,,,
704840,Shadowy Darkness Energy,Shadowy Darkness Energy,https://tcgplayer-cdn.tcgplayer.com/product/704840_200w.jpg,3,24688,https://cpt.tcgcsv.com/QXF7,2026-07-17T04:10:35.46,1,"As long as this card is attached to a Pokémon, it provides [D] Energy.<br>As long as the [D] Pokémon this card is attached to is on your Bench, prevent all damage done to it by attacks from your opponent's Pokémon.",,0.01,0.2,88.0,0.17,0.1,Holofoil,083/084,Rare,Special Energy,,,,,,,
704841,Voltaic Lightning Energy,Voltaic Lightning Energy,https://tcgplayer-cdn.tcgplayer.com/product/704841_200w.jpg,3,24688,https://cpt.tcgcsv.com/RXF7,2026-07-17T04:10:35.46,1,"As long as this card is attached to a Pokémon, it provides [L] Energy.<br>Attacks used by the [L] Pokémon this card is attached to do 20 more damage to your opponent's Active Pokémon <em>(before applying Weakness and Resistance)</em>.",,0.01,0.29,22.0,0.25,0.2,Reverse Holofoil,084/084,Rare,Special Energy,,,,,,,
704841,Voltaic Lightning Energy,Voltaic Lightning Energy,https://tcgplayer-cdn.tcgplayer.com/product/704841_200w.jpg,3,24688,https://cpt.tcgcsv.com/RXF7,2026-07-17T04:10:35.46,1,"As long as this card is attached to a Pokémon, it provides [L] Energy.<br>Attacks used by the [L] Pokémon this card is attached to do 20 more damage to your opponent's Active Pokémon <em>(before applying Weakness and Resistance)</em>.",,0.01,0.2,2.49,0.19,0.1,Holofoil,084/084,Rare,Special Energy,,,,,,,
704842,Fomantis - 085/084,Fomantis 085 084,https://tcgplayer-cdn.tcgplayer.com/product/704842_200w.jpg,3,24688,https://cpt.tcgcsv.com/SXF7,2026-07-17T04:10:35.46,1,,,3.51,5.4,49.99,4.85,,Holofoil,085/084,Illustration Rare,Grass,70.0,Basic,[G] Reckless Charge (30)<br> This Pokémon also does 10 damage to itself.,,Rx2,1.0,
704843,Armarouge - 086/084,Armarouge 086 084,https://tcgplayer-cdn.tcgplayer.com/product/704843_200w.jpg,3,24688,https://cpt.tcgcsv.com/TXF7,2026-07-17T04:10:35.46,1,,,5.15,7.03,49.99,6.23,,Holofoil,086/084,Illustration Rare,Fire,140.0,Stage 1,[R] Flame Legion (40+)<br> This attack does 40 more damage for each of your Benched Pokémon that has any Fire Energy attached.,,Wx2,2.0,
704844,Goldeen - 087/084,Goldeen 087 084,https://tcgplayer-cdn.tcgplayer.com/product/704844_200w.jpg,3,24688,https://cpt.tcgcsv.com/VXF7,2026-07-17T04:10:35.46,1,,,12.0,15.73,114.53,14.99,,Holofoil,087/084,Illustration Rare,Water,70.0,Basic,[CC] Pierce (30),,Lx2,1.0,
704845,Primarina - 088/084,Primarina 088 084,https://tcgplayer-cdn.tcgplayer.com/product/704845_200w.jpg,3,24688,https://cpt.tcgcsv.com/WXF7,2026-07-17T04:10:35.46,1,"<strong>Ability: Enriching Melody</strong> Once during your turn, when you play this Pokémon from your hand to evolve 1 of your Pokémon, you may use this Ability. Heal all damage from 1 of your Pokémon.",,5.51,8.0,59.99,7.37,,Holofoil,088/084,Illustration Rare,Water,150.0,Stage 2,[WC] Aqua Return (120)<br> Shuffle this Pokémon and all attached cards into your deck.,,Lx2,2.0,
704846,Manectric - 089/084,Manectric 089 084,https://tcgplayer-cdn.tcgplayer.com/product/704846_200w.jpg,3,24688,https://cpt.tcgcsv.com/XXF7,2026-07-17T04:10:35.46,1,,,3.0,4.4,30.0,3.78,,Holofoil,089/084,Illustration Rare,Lightning,120.0,Stage 1,"[LL] Flashing Barrier<br> During your opponent's next turn, prevent all damage done to this Pokémon by attacks from Evolution Pokémon.",[LLL] Sonic Edge (110)<br>This attack's damage isn't affected by any effects on your opponent's Active Pokémon.,Fx2,1.0,
704847,Slowbro - 090/084,Slowbro 090 084,https://tcgplayer-cdn.tcgplayer.com/product/704847_200w.jpg,3,24688,https://cpt.tcgcsv.com/ZXF7,2026-07-17T04:10:35.46,1,,,19.5,25.46,99.99,22.23,,Holofoil,090/084,Illustration Rare,Psychic,130.0,Stage 1,"[P] All Out (50+)<br> If you have no cards in your hand, this attack does 160 more damage.",[CCC] Zen Headbutt (110),Dx2,3.0,F-30
704848,Dhelmise - 091/084,Dhelmise 091 084,https://tcgplayer-cdn.tcgplayer.com/product/704848_200w.jpg,3,24688,https://cpt.tcgcsv.com/-XF7,2026-07-17T04:10:35.46,1,,,6.5,9.0,69.99,8.16,9.85,Holofoil,091/084,Illustration Rare,Psychic,140.0,Basic,"[P] Vengeful Anchor (30+)<br> If you have 4 or more Pokémon that have the Hide 'n' Sneak Ability in your discard pile, this attack does 140 more damage.",,Dx2,3.0,F-30
704849,Thievul - 092/084,Thievul 092 084,https://tcgplayer-cdn.tcgplayer.com/product/704849_200w.jpg,3,24688,https://cpt.tcgcsv.com/_XF7,2026-07-17T04:10:35.46,1,,,1.49,2.83,39.99,2.63,,Holofoil,092/084,Illustration Rare,Darkness,100.0,Stage 1,"[CC] Skill Thief<br> If you have no cards in your hand, choose an attack from 1 of your opponent's Pokémon in play and use it as this attack.",[DCC] Sharp Fang (80),Gx2,1.0,
704850,Bastiodon - 093/084,Bastiodon 093 084,https://tcgplayer-cdn.tcgplayer.com/product/704850_200w.jpg,3,24688,https://cpt.tcgcsv.com/0ZF7,2026-07-17T04:10:35.46,1,"<strong>Ability: Ancient Bulwark</strong> As long as this Pokémon is on your Bench, prevent all damage done to each of your Pokémon by attacks from your opponent's Pokémon that have 2 or less Energy attached.",,2.75,4.0,49.9,3.37,,Holofoil,093/084,Illustration Rare,Metal,160.0,Stage 2,[MMC] Hammer In (160),,Rx2,4.0,G-30
704851,Toucannon - 094/084,Toucannon 094 084,https://tcgplayer-cdn.tcgplayer.com/product/704851_200w.jpg,3,24688,https://cpt.tcgcsv.com/2ZF7,2026-07-17T04:10:35.46,1,"<strong>Ability: Aerial Draw</strong> Once during your turn, you may use this Ability. Draw a card.",,4.0,6.61,34.9,6.52,,Holofoil,094/084,Illustration Rare,Colorless,150.0,Stage 2,[C] Feather Rondo (60+)<br> This attack does 20 more damage for each Benched Pokémon <em>(both yours and your opponent's)</em>.,,Lx2,2.0,F-30
704852,Silvally - 095/084,Silvally 095 084,https://tcgplayer-cdn.tcgplayer.com/product/704852_200w.jpg,3,24688,https://cpt.tcgcsv.com/3ZF7,2026-07-17T04:10:35.46,1,"<strong>Ability: Call a Buddy</strong> Once during your turn, if you have no cards in your hand, you may use this Ability. Search your deck for a Supporter card, reveal it, and put it into your hand. Then, shuffle your deck.",,3.4,5.25,29.99,4.89,,Holofoil,095/084,Illustration Rare,Colorless,140.0,Stage 1,[CCC] Air Slash (130)<br> Discard an Energy from this Pokémon.,,Fx2,2.0,
704853,Lurantis ex - 096/084,Lurantis ex 096 084,https://tcgplayer-cdn.tcgplayer.com/product/704853_200w.jpg,3,24688,https://cpt.tcgcsv.com/5ZF7,2026-07-17T04:10:35.46,1,,,2.0,3.43,24.99,3.06,,Holofoil,096/084,Ultra Rare,Grass,260.0,Stage 1,"[G] Lively Cutter (60+)<br> If this Pokémon was healed during this turn, this attack does 200 more damage.","[GC] Leaf Guard (140)<br>During your opponent's next turn, this Pokémon takes 50 less damage from attacks <em>(after applying Weakness and Resistance)</em>.",Rx2,1.0,
704854,Wailord ex - 097/084,Wailord ex 097 084,https://tcgplayer-cdn.tcgplayer.com/product/704854_200w.jpg,3,24688,https://cpt.tcgcsv.com/6ZF7,2026-07-17T04:10:35.46,1,,,2.0,4.34,49.98,4.22,,Holofoil,097/084,Ultra Rare,Water,380.0,Stage 1,[WWW] Surf (120),[WWWWW] Falling Down (270)<br>This Pokémon is now Asleep.,Lx2,4.0,
704855,Mega Zeraora ex - 098/084,Mega Zeraora ex 098 084,https://tcgplayer-cdn.tcgplayer.com/product/704855_200w.jpg,3,24688,https://cpt.tcgcsv.com/7ZF7,2026-07-17T04:10:35.46,1,,,6.2,8.77,59.98,7.42,,Holofoil,098/084,Ultra Rare,Lightning,270.0,Basic,[L] Thunderous Fist (60x)<br> This attack does 60 damage for each Lightning Energy attached to this Pokémon.,[LLL] Zepto Turn (150)<br>Switch this Pokémon with 1 of your Benched Pokémon.,Fx2,1.0,
704856,Mega Chandelure ex - 099/084,Mega Chandelure ex 099 084,https://tcgplayer-cdn.tcgplayer.com/product/704856_200w.jpg,3,24688,https://cpt.tcgcsv.com/8ZF7,2026-07-17T04:10:35.46,1,<strong>Ability: Binding Flame</strong> Your opponent's Active Pokémon's Retreat Cost is {{e}} more.,,8.84,11.28,74.99,10.09,,Holofoil,099/084,Ultra Rare,Psychic,350.0,Stage 2,[PP] Phantom Maze (130+)<br> This attack does 50 more damage for each Retreat Cost.,,Dx2,2.0,F-30
704857,Rampardos ex - 100/084,Rampardos ex 100 084,https://tcgplayer-cdn.tcgplayer.com/product/704857_200w.jpg,3,24688,https://cpt.tcgcsv.com/9ZF7,2026-07-17T04:10:35.46,1,"<strong>Ability: Destructive Headbutting</strong> Once during your turn, if this Pokémon is in the Active Spot, you may use this Ability. Flip a coin. If heads, discard an Energy from your opponent's Active Pokémon.",,2.5,4.13,49.99,3.89,,Holofoil,100/084,Ultra Rare,Fighting,330.0,Stage 2,"[FF] Rowdy Hammer (150)<br> During your next turn, attacks used by this Pokémon do 150 more damage to your opponent's Active Pokémon <em>(before applying Weakness and Resistance)</em>.",,Gx2,2.0,
704858,Mega Darkrai ex - 101/084,Mega Darkrai ex 101 084,https://tcgplayer-cdn.tcgplayer.com/product/704858_200w.jpg,3,24688,https://cpt.tcgcsv.com/bZF7,2026-07-17T04:10:35.46,1,,,12.0,15.47,69.9,13.34,,Holofoil,101/084,Ultra Rare,Darkness,280.0,Basic,"[DD] Dusk Raid (110+)<br> If your Benched Pokémon have any damage counters on them, this attack does 110 more damage.","[DDD] Abyss Eye<br>If your opponent's Active Pokémon is affected by a Special Condition, it is Knocked Out.",Gx2,2.0,
704859,Morpeko ex - 102/084,Morpeko ex 102 084,https://tcgplayer-cdn.tcgplayer.com/product/704859_200w.jpg,3,24688,https://cpt.tcgcsv.com/cZF7,2026-07-17T04:10:35.46,1,,,4.28,6.5,55.99,5.69,,Holofoil,102/084,Ultra Rare,Darkness,180.0,Basic,"[D] Wheely Draw<br> Shuffle your hand into your deck. Then, draw 6 cards.",[DD] Hangry Blaster (40+)<br>This attack does 40 more damage for each damage counter on this Pokémon.,Gx2,1.0,
704860,Mega Excadrill ex - 103/084,Mega Excadrill ex 103 084,https://tcgplayer-cdn.tcgplayer.com/product/704860_200w.jpg,3,24688,https://cpt.tcgcsv.com/dZF7,2026-07-17T04:10:35.46,1,,,7.99,10.58,69.99,9.5,,Holofoil,103/084,Ultra Rare,Metal,340.0,Stage 1,[MM] Undermine (90)<br> Discard the top 2 cards of your opponent's deck.,"[MMM] Maximum Drilling (200+)<br>If this Pokémon has at least 2 extra Energy attached <em>(in addition to this attack's cost)</em>, this attack does 130 more damage.",Rx2,4.0,G-30
704861,Brave Bangle,Brave Bangle,https://tcgplayer-cdn.tcgplayer.com/product/704861_200w.jpg,3,24688,https://cpt.tcgcsv.com/fZF7,2026-07-17T04:10:35.46,1,"If the Pokémon this card is attached to doesn't have a Rule Box, the attacks it uses do 30 more damage to your opponent's Active Pokémon ex <em>(before applying Weakness and Resistance)</em>. <em>(Pokémon ex, Pokémon V, etc. have Rule Boxes.)</em>",,2.99,5.26,75.0,4.76,,Holofoil,104/084,Ultra Rare,Trainer - Pokemon Tool,,,,,,,
704862,Crushing Hammer,Crushing Hammer,https://tcgplayer-cdn.tcgplayer.com/product/704862_200w.jpg,3,24688,https://cpt.tcgcsv.com/gZF7,2026-07-17T04:10:35.46,1,"Flip a coin. If heads, discard an Energy from 1 of your opponent's Pokémon.",,4.0,5.4,25.0,4.9,,Holofoil,105/084,Ultra Rare,Trainer - Item,,,,,,,
704863,Dark Bell - 106/084,Dark Bell 106 084,https://tcgplayer-cdn.tcgplayer.com/product/704863_200w.jpg,3,24688,https://cpt.tcgcsv.com/hZF7,2026-07-17T04:10:35.46,1,Both Active non-Darkness Pokémon are now Confused.,,1.99,3.99,29.9,3.2,,Holofoil,106/084,Ultra Rare,Trainer - Item,,,,,,,
704864,Energy Switch,Energy Switch,https://tcgplayer-cdn.tcgplayer.com/product/704864_200w.jpg,3,24688,https://cpt.tcgcsv.com/jZF7,2026-07-17T04:10:35.46,1,Move a Basic Energy from 1 of your Pokémon to another of your Pokémon.,,1.74,2.99,22.49,2.43,2.43,Holofoil,107/084,Ultra Rare,Trainer - Item,,,,,,,
704865,Gladion's Final Battle - 108/084,Gladions Final Battle 108 084,https://tcgplayer-cdn.tcgplayer.com/product/704865_200w.jpg,3,24688,https://cpt.tcgcsv.com/kZF7,2026-07-17T04:10:35.46,1,"You can use this card only when it is the last card in your hand.<br>During this turn, attacks used by your Pokémon that don't have a Rule Box do 80 more damage to your opponent's Active Pokémon <em>(before applying Weakness and Resistance)</em>. <em>(Pokémon ex, Pokémon V, etc. have Rule Boxes.)</em>",,3.5,5.11,39.99,4.66,,Holofoil,108/084,Ultra Rare,Trainer - Supporter,,,,,,,
704866,Gwynn - 109/084,Gwynn 109 084,https://tcgplayer-cdn.tcgplayer.com/product/704866_200w.jpg,3,24688,https://cpt.tcgcsv.com/lZF7,2026-07-17T04:10:35.46,1,"Discard up to 2 Pokémon that don't have a Rule Box from your hand, and draw 3 cards for each card you discarded in this way. <em>(Pokémon ex, Pokémon V, etc. have Rule Boxes.)</em>",,8.5,11.99,98.0,10.54,,Holofoil,109/084,Ultra Rare,Trainer - Supporter,,,,,,,
704867,Iron Defender,Iron Defender,https://tcgplayer-cdn.tcgplayer.com/product/704867_200w.jpg,3,24688,https://cpt.tcgcsv.com/mZF7,2026-07-17T04:10:35.46,1,"During your opponent's next turn, all of your Metal Pokémon take 30 less damage from attacks from your opponent's Pokémon <em>(after applying Weakness and Resistance)</em>. <em>(This includes new Pokémon that come into play.)</em>",,0.75,1.33,22.98,1.33,,Holofoil,110/084,Ultra Rare,Trainer - Item,,,,,,,
704868,Misty's Vitality - 111/084,Mistys Vitality 111 084,https://tcgplayer-cdn.tcgplayer.com/product/704868_200w.jpg,3,24688,https://cpt.tcgcsv.com/nZF7,2026-07-17T04:10:35.46,1,"Search your deck for up to 4 Basic Water Energy cards and attach them to 1 of your Pokémon. Then, shuffle your deck. Your turn ends.",,30.99,36.42,199.99,34.11,,Holofoil,111/084,Ultra Rare,Trainer - Supporter,,,,,,,
704869,Rust Syndicate Grunt - 112/084,Rust Syndicate Grunt 112 084,https://tcgplayer-cdn.tcgplayer.com/product/704869_200w.jpg,3,24688,https://cpt.tcgcsv.com/pZF7,2026-07-17T04:10:35.46,1,You can use this card only if any of your Pokémon were Knocked Out during your opponent's last turn.<br>Discard an Energy from 1 of your opponent's Pokémon.,,1.5,3.33,250.0,2.34,,Holofoil,112/084,Ultra Rare,Trainer - Supporter,,,,,,,
704870,Tremendous Bomb - 113/084,Tremendous Bomb 113 084,https://tcgplayer-cdn.tcgplayer.com/product/704870_200w.jpg,3,24688,https://cpt.tcgcsv.com/qZF7,2026-07-17T04:10:35.46,1,"If the Pokémon this card is attached to isn't a Mega Evolution Pokémon ex, is in the Active Spot, and takes 240 or more damage from an attack from your opponent's Mega Evolution Pokémon ex <em>(even if this Pokémon is Knocked Out)</em>, place 12 damage counters on the Attacking Pokémon. If you placed any damage counters in this way, discard this card.",,0.74,2.0,25.0,2.12,,Holofoil,113/084,Ultra Rare,Trainer - Pokemon Tool,,,,,,,
704871,Mega Zeraora ex - 114/084,Mega Zeraora ex 114 084,https://tcgplayer-cdn.tcgplayer.com/product/704871_200w.jpg,3,24688,https://cpt.tcgcsv.com/rZF7,2026-07-17T04:10:35.46,1,,,66.0,82.99,299.99,73.49,,Holofoil,114/084,Special Illustration Rare,Lightning,270.0,Basic,[L] Thunderous Fist (60x)<br> This attack does 60 damage for each Lightning Energy attached to this Pokémon.,[LLL] Zepto Turn (150)<br>Switch this Pokémon with 1 of your Benched Pokémon.,Fx2,1.0,
704872,Mega Chandelure ex - 115/084,Mega Chandelure ex 115 084,https://tcgplayer-cdn.tcgplayer.com/product/704872_200w.jpg,3,24688,https://cpt.tcgcsv.com/sZF7,2026-07-17T04:10:35.46,1,<strong>Ability: Binding Flame</strong> Your opponent's Active Pokémon's Retreat Cost is {{e}} more.,,52.0,59.67,300.0,52.47,,Holofoil,115/084,Special Illustration Rare,Psychic,350.0,Stage 2,[PP] Phantom Maze (130+)<br> This attack does 50 more damage for each Retreat Cost.,,Dx2,2.0,F-30
704873,Mega Darkrai ex - 116/084,Mega Darkrai ex 116 084,https://tcgplayer-cdn.tcgplayer.com/product/704873_200w.jpg,3,24688,https://cpt.tcgcsv.com/tZF7,2026-07-17T04:10:35.46,1,,,299.99,350.0,999.99,308.97,,Holofoil,116/084,Special Illustration Rare,Darkness,280.0,Basic,"[DD] Dusk Raid (110+)<br> If your Benched Pokémon have any damage counters on them, this attack does 110 more damage.","[DDD] Abyss Eye<br>If your opponent's Active Pokémon is affected by a Special Condition, it is Knocked Out.",Gx2,2.0,
704874,Morpeko ex - 117/084,Morpeko ex 117 084,https://tcgplayer-cdn.tcgplayer.com/product/704874_200w.jpg,3,24688,https://cpt.tcgcsv.com/vZF7,2026-07-17T04:10:35.46,1,,,135.1,150.81,295.0,135.72,,Holofoil,117/084,Special Illustration Rare,Darkness,180.0,Basic,"[D] Wheely Draw<br> Shuffle your hand into your deck. Then, draw 6 cards.",[DD] Hangry Blaster (40+)<br>This attack does 40 more damage for each damage counter on this Pokémon.,Gx2,1.0,
704875,Gladion's Final Battle - 118/084,Gladions Final Battle 118 084,https://tcgplayer-cdn.tcgplayer.com/product/704875_200w.jpg,3,24688,https://cpt.tcgcsv.com/wZF7,2026-07-17T04:10:35.46,1,"You can use this card only when it is the last card in your hand.<br>During this turn, attacks used by your Pokémon that don't have a Rule Box do 80 more damage to your opponent's Active Pokémon <em>(before applying Weakness and Resistance)</em>. <em>(Pokémon ex, Pokémon V, etc. have Rule Boxes.)</em>",,29.0,36.25,200.0,30.18,,Holofoil,118/084,Special Illustration Rare,Trainer - Supporter,,,,,,,
704876,Gwynn - 119/084,Gwynn 119 084,https://tcgplayer-cdn.tcgplayer.com/product/704876_200w.jpg,3,24688,https://cpt.tcgcsv.com/xZF7,2026-07-17T04:10:35.46,1,"Discard up to 2 Pokémon that don't have a Rule Box from your hand, and draw 3 cards for each card you discarded in this way. <em>(Pokémon ex, Pokémon V, etc. have Rule Boxes.)</em>",,40.95,46.02,199.99,40.96,,Holofoil,119/084,Special Illustration Rare,Trainer - Supporter,,,,,,,
704877,Mega Darkrai ex - 120/084,Mega Darkrai ex 120 084,https://tcgplayer-cdn.tcgplayer.com/product/704877_200w.jpg,3,24688,https://cpt.tcgcsv.com/zZF7,2026-07-17T04:10:35.46,1,,,193.71,249.99,1100.0,198.01,,Holofoil,120/084,Mega Hyper Rare,Darkness,280.0,Basic,"[DD] Dusk Raid (110+)<br> If your Benched Pokémon have any damage counters on them, this attack does 110 more damage.","[DDD] Abyss Eye<br>If your opponent's Active Pokémon is affected by a Special Condition, it is Knocked Out.",Gx2,2.0,
705532,Code Card - Pitch Black Elite Trainer Box,Code Card Pitch Black Elite Trainer Box,https://tcgplayer-cdn.tcgplayer.com/product/705532_200w.jpg,3,24688,https://cpt.tcgcsv.com/GdG7,2026-07-17T04:10:35.46,1,"This listing is <strong>not</strong> a physical item. Please keep in mind that this <strong>Code Card</strong> listing represents a digital copy of the stated item for the Pokémon TCG Online <strong>and/or</strong> the Pokémon TCG Live games. You may receive the physical <strong>Code Card</strong>. Upon purchase, please work with your specific Seller by sending them a message using the <strong>Contact Seller</strong> button on the order details in your <a href=https://store.tcgplayer.com/myaccount/orderhistory>Order History</a> to opt in to having your <strong>Code Card</strong> code delivered digitally due to the nature of the product.",,0.05,0.25,0.3,0.25,,Normal,,Code Card,,,,,,,,
705533,Code Card - Pitch Black Pokemon Center Elite Trainer Box Digital Bundle,Code Card Pitch Black Pokemon Center Elite Trainer Box Digital Bundle,https://tcgplayer-cdn.tcgplayer.com/product/705533_200w.jpg,3,24688,https://cpt.tcgcsv.com/HdG7,2026-07-17T04:10:35.46,1,"This listing is <strong>not</strong> a physical item. Please keep in mind that this <strong>Code Card</strong> listing represents a digital copy of the stated item for the Pokémon TCG Online <strong>and/or</strong> the Pokémon TCG Live games. You may receive the physical <strong>Code Card</strong>. Upon purchase, please work with your specific Seller by sending them a message using the <strong>Contact Seller</strong> button on the order details in your <a href=https://store.tcgplayer.com/myaccount/orderhistory>Order History</a> to opt in to having your <strong>Code Card</strong> code delivered digitally due to the nature of the product.",,1.5,1.65,1.91,1.88,,Normal,,Code Card,,,,,,,,
705534,Code Card - Pitch Black Build & Battle Box,Code Card Pitch Black Build and Battle Box,https://tcgplayer-cdn.tcgplayer.com/product/705534_200w.jpg,3,24688,https://cpt.tcgcsv.com/JdG7,2026-07-10T18:51:01.007,1,"This listing is <strong>not</strong> a physical item. Please keep in mind that this <strong>Code Card</strong> listing represents a digital copy of the stated item for the Pokémon TCG Online <strong>and/or</strong> the Pokémon TCG Live games. You may receive the physical <strong>Code Card</strong>. Upon purchase, please work with your specific Seller by sending them a message using the <strong>Contact Seller</strong> button on the order details in your <a href=https://store.tcgplayer.com/myaccount/orderhistory>Order History</a> to opt in to having your <strong>Code Card</strong> code delivered digitally due to the nature of the product.",,0.25,0.25,0.25,0.25,,Normal,,Code Card,,,,,,,,
705535,Code Card - Pitch Black Booster Pack,Code Card Pitch Black Booster Pack,https://tcgplayer-cdn.tcgplayer.com/product/705535_200w.jpg,3,24688,https://cpt.tcgcsv.com/KdG7,2026-07-17T04:10:35.46,1,"This listing is <strong>not</strong> a physical item. Please keep in mind that this <strong>Code Card</strong> listing represents a digital copy of the stated item for the Pokémon TCG Online <strong>and/or</strong> the Pokémon TCG Live games. You may receive the physical <strong>Code Card</strong>. Upon purchase, please work with your specific Seller by sending them a message using the <strong>Contact Seller</strong> button on the order details in your <a href=https://store.tcgplayer.com/myaccount/orderhistory>Order History</a> to opt in to having your <strong>Code Card</strong> code delivered digitally due to the nature of the product.",,0.01,0.05,1.0,0.05,,Normal,,Code Card,,,,,,,,
705536,Code Card - Pitch Black Booster Bundle,Code Card Pitch Black Booster Bundle,https://tcgplayer-cdn.tcgplayer.com/product/705536_200w.jpg,3,24688,https://cpt.tcgcsv.com/LdG7,2026-07-17T04:10:35.46,1,"This listing is <strong>not</strong> a physical item. Please keep in mind that this <strong>Code Card</strong> listing represents a digital copy of the stated item for the Pokémon TCG Online <strong>and/or</strong> the Pokémon TCG Live games. You may receive the physical <strong>Code Card</strong>. Upon purchase, please work with your specific Seller by sending them a message using the <strong>Contact Seller</strong> button on the order details in your <a href=https://store.tcgplayer.com/myaccount/orderhistory>Order History</a> to opt in to having your <strong>Code Card</strong> code delivered digitally due to the nature of the product.",,0.19,0.2,0.25,0.24,,Normal,,Code Card,,,,,,,,
